"Date","Price","Open","High","Low","Vol.","Change %"
"07/22/2026","4,166.10","4,081.17","4,166.10","4,076.98","","2.09%"
"07/21/2026","4,080.96","4,010.30","4,087.00","3,999.48","","1.86%"
"07/20/2026","4,006.31","4,003.71","4,040.56","3,982.51","","-0.28%"
"07/17/2026","4,017.60","3,972.95","4,024.22","3,959.69","","1.12%"
"07/16/2026","3,972.94","4,058.80","4,070.06","3,969.15","","-2.19%"
"07/15/2026","4,062.06","4,055.47","4,080.83","4,017.30","","0.16%"
"07/14/2026","4,055.53","4,006.00","4,100.75","3,984.45","","1.34%"
"07/13/2026","4,001.84","4,122.63","4,122.63","3,986.37","","-2.89%"
"07/10/2026","4,121.08","4,121.62","4,136.23","4,072.45","","-0.01%"
"07/09/2026","4,121.62","4,076.56","4,138.38","4,054.04","","1.07%"
"07/08/2026","4,077.95","4,107.82","4,134.39","4,021.76","","-0.72%"
"07/07/2026","4,107.32","4,166.99","4,183.27","4,092.02","","-1.39%"
"07/06/2026","4,165.17","4,175.71","4,202.67","4,128.19","","-0.25%"
"07/03/2026","4,175.70","4,124.00","4,195.54","4,120.92","","1.25%"
"07/02/2026","4,123.98","4,031.04","4,144.22","4,030.38","","2.31%"
"07/01/2026","4,031.04","4,008.49","4,115.55","3,960.10","","0.56%"
"06/30/2026","4,008.48","4,017.59","4,064.81","3,944.23","","-0.23%"
"06/29/2026","4,017.57","4,089.66","4,093.68","4,001.30","","-1.75%"
"06/26/2026","4,089.26","4,027.57","4,097.94","3,982.83","","1.53%"
"06/25/2026","4,027.56","4,000.71","4,044.59","3,962.78","","0.67%"
"06/24/2026","4,000.69","4,113.08","4,115.26","3,959.38","","-2.67%"
"06/23/2026","4,110.26","4,191.63","4,202.55","4,090.75","","-1.94%"
"06/22/2026","4,191.62","4,143.61","4,220.82","4,136.30","","0.75%"
"06/19/2026","4,160.26","4,210.05","4,213.66","4,120.89","","-1.18%"
"06/18/2026","4,210.09","4,258.87","4,330.39","4,201.40","","-1.15%"
"06/17/2026","4,258.86","4,334.03","4,382.85","4,219.05","","-1.67%"
"06/16/2026","4,331.31","4,308.12","4,355.35","4,303.45","","0.51%"
"06/15/2026","4,309.34","4,222.50","4,372.86","4,219.33","","2.13%"
"06/12/2026","4,219.32","4,215.13","4,246.53","4,170.02","","0.10%"
"06/11/2026","4,215.12","4,075.10","4,220.25","4,023.55","","3.44%"
"06/10/2026","4,075.08","4,255.70","4,258.29","4,066.86","","-4.43%"
"06/09/2026","4,264.15","4,331.26","4,363.50","4,236.61","","-1.52%"
"06/08/2026","4,329.85","4,332.21","4,353.62","4,268.99","","0.01%"
"06/05/2026","4,329.33","4,476.24","4,482.02","4,311.41","","-3.26%"
"06/04/2026","4,475.43","4,442.83","4,515.55","4,423.79","","0.92%"
"06/03/2026","4,434.42","4,489.18","4,500.71","4,426.10","","-1.20%"
"06/02/2026","4,488.09","4,487.30","4,541.82","4,462.78","","0.07%"
"06/01/2026","4,485.15","4,521.91","4,546.44","4,447.12","","-1.19%"
"05/29/2026","4,539.27","4,494.94","4,595.31","4,488.68","","0.99%"
"05/28/2026","4,494.93","4,456.22","4,516.99","4,366.41","","0.82%"
"05/27/2026","4,458.21","4,507.52","4,538.55","4,401.45","","-1.09%"
"05/26/2026","4,507.51","4,573.40","4,581.35","4,482.64","","-1.39%"
"05/25/2026","4,571.16","4,542.00","4,582.34","4,535.99","","1.37%"
"05/22/2026","4,509.38","4,542.41","4,552.77","4,491.79","","-0.79%"
"05/21/2026","4,545.18","4,544.30","4,572.71","4,489.59","","0.00%"
"05/20/2026","4,545.16","4,482.18","4,552.78","4,453.12","","1.40%"
"05/19/2026","4,482.46","4,567.63","4,589.76","4,465.34","","-1.86%"
"05/18/2026","4,567.61","4,531.42","4,584.54","4,480.31","","0.61%"
"05/15/2026","4,540.07","4,651.98","4,665.73","4,511.62","","-2.41%"
"05/14/2026","4,651.97","4,688.84","4,718.93","4,643.90","","-0.78%"
"05/13/2026","4,688.63","4,715.29","4,727.21","4,669.45","","-0.56%"
"05/12/2026","4,715.27","4,734.97","4,773.83","4,638.32","","-0.42%"
"05/11/2026","4,735.27","4,683.79","4,748.78","4,647.54","","0.43%"
"05/08/2026","4,714.89","4,686.82","4,750.75","4,678.20","","0.60%"
"05/07/2026","4,686.81","4,690.26","4,765.17","4,684.44","","-0.07%"
"05/06/2026","4,690.25","4,569.01","4,723.55","4,546.22","","2.92%"
"05/05/2026","4,557.23","4,523.91","4,586.79","4,513.27","","0.74%"
"05/04/2026","4,523.90","4,623.02","4,631.43","4,500.85","","-1.97%"
"05/01/2026","4,614.95","4,626.45","4,660.62","4,559.94","","-0.17%"
"04/30/2026","4,622.59","4,541.53","4,647.51","4,539.39","","1.73%"
"04/29/2026","4,544.12","4,595.52","4,610.39","4,509.96","","-1.12%"
"04/28/2026","4,595.51","4,682.12","4,701.82","4,554.63","","-1.85%"
"04/27/2026","4,682.10","4,699.05","4,730.18","4,666.96","","-0.58%"
"04/24/2026","4,709.25","4,693.89","4,740.58","4,657.64","","0.33%"
"04/23/2026","4,693.88","4,738.79","4,754.40","4,664.33","","-0.95%"
"04/22/2026","4,738.78","4,721.80","4,772.59","4,708.34","","0.55%"
"04/21/2026","4,712.85","4,820.25","4,833.34","4,667.96","","-2.24%"
"04/20/2026","4,820.83","4,792.93","4,828.07","4,736.74","","-0.20%"
"04/17/2026","4,830.43","4,792.42","4,889.70","4,767.47","","0.87%"
"04/16/2026","4,788.58","4,791.83","4,840.28","4,773.26","","-0.05%"
"04/15/2026","4,791.14","4,841.06","4,871.78","4,786.37","","-1.03%"
"04/14/2026","4,841.14","4,743.06","4,846.97","4,741.01","","2.10%"
"04/13/2026","4,741.69","4,686.91","4,750.39","4,644.20","","-0.14%"
"04/10/2026","4,748.18","4,765.77","4,795.42","4,731.04","","-0.37%"
"04/09/2026","4,766.00","4,730.48","4,801.51","4,698.56","","0.99%"
"04/08/2026","4,719.37","4,744.50","4,856.30","4,699.46","","0.28%"
"04/07/2026","4,706.00","4,660.00","4,718.25","4,607.30","","1.18%"
"04/06/2026","4,650.89","4,653.83","4,706.67","4,601.08","","-0.55%"
"04/03/2026","4,676.42","4,676.42","4,676.42","4,676.42","","0.00%"
"04/02/2026","4,676.42","4,758.78","4,801.00","4,553.94","","-1.73%"
"04/01/2026","4,758.76","4,672.02","4,793.35","4,661.66","","1.86%"
"03/31/2026","4,672.01","4,511.95","4,687.54","4,482.80","","3.56%"
"03/30/2026","4,511.25","4,493.00","4,581.62","4,419.81","","0.41%"
"03/27/2026","4,492.99","4,390.14","4,556.15","4,375.49","","2.58%"
"03/26/2026","4,380.03","4,511.80","4,544.46","4,350.78","","-2.81%"
"03/25/2026","4,506.55","4,473.51","4,602.64","4,456.13","","0.72%"
"03/24/2026","4,474.44","4,413.83","4,484.27","4,306.15","","1.52%"
"03/23/2026","4,407.62","4,491.66","4,536.32","4,098.87","","-1.86%"
"03/20/2026","4,491.15","4,649.68","4,736.16","4,477.82","","-3.45%"
"03/19/2026","4,651.73","4,825.59","4,867.56","4,503.08","","-3.47%"
"03/18/2026","4,818.81","5,006.76","5,017.54","4,806.80","","-3.74%"
"03/17/2026","5,006.00","5,006.18","5,044.84","4,973.75","","-0.01%"
"03/16/2026","5,006.43","5,019.26","5,038.38","4,967.50","","-0.26%"
"03/13/2026","5,019.25","5,080.70","5,129.13","5,009.51","","-1.20%"
"03/12/2026","5,080.07","5,177.38","5,194.79","5,054.67","","-1.87%"
"03/11/2026","5,177.07","5,189.84","5,223.62","5,149.95","","-0.31%"
"03/10/2026","5,192.94","5,139.30","5,238.70","5,117.84","","1.04%"
"03/09/2026","5,139.56","5,180.45","5,199.37","5,014.73","","-0.61%"
"03/06/2026","5,171.12","5,077.43","5,175.06","5,062.89","","1.85%"
"03/05/2026","5,077.39","5,135.96","5,196.15","5,050.84","","-1.14%"
"03/04/2026","5,135.92","5,087.96","5,206.36","5,083.45","","0.95%"
"03/03/2026","5,087.47","5,327.55","5,380.41","4,996.19","","-4.50%"
"03/02/2026","5,327.42","5,301.75","5,419.25","5,261.37","","0.94%"
"02/27/2026","5,277.90","5,187.61","5,279.56","5,166.54","","1.75%"
"02/26/2026","5,187.26","5,171.00","5,205.90","5,130.73","","0.31%"
"02/25/2026","5,171.16","5,148.27","5,218.16","5,127.21","","0.45%"
"02/24/2026","5,148.18","5,231.55","5,249.96","5,094.50","","-1.59%"
"02/23/2026","5,231.55","5,102.84","5,238.14","5,102.38","","2.49%"
"02/20/2026","5,104.34","4,999.34","5,105.45","4,981.38","","2.10%"
"02/19/2026","4,999.35","4,979.45","5,022.36","4,960.47","","0.40%"
"02/18/2026","4,979.45","4,877.71","5,011.07","4,854.15","","2.09%"
"02/17/2026","4,877.70","4,992.48","5,001.10","4,842.50","","-2.30%"
"02/16/2026","4,992.37","5,040.75","5,041.65","4,966.64","","-1.01%"
"02/13/2026","5,043.11","4,920.27","5,047.93","4,888.71","","2.50%"
"02/12/2026","4,920.32","5,079.04","5,100.25","4,879.05","","-3.12%"
"02/11/2026","5,078.96","5,023.46","5,119.24","5,020.68","","1.10%"
"02/10/2026","5,023.47","5,065.32","5,078.84","4,987.54","","-0.83%"
"02/09/2026","5,065.55","4,960.97","5,086.85","4,960.17","","2.10%"
"02/06/2026","4,961.15","4,770.55","4,971.99","4,655.49","","3.99%"
"02/05/2026","4,770.95","4,963.74","5,024.12","4,760.05","","-3.88%"
"02/04/2026","4,963.60","4,939.34","5,092.68","4,854.81","","0.49%"
"02/03/2026","4,939.33","4,665.16","4,994.28","4,648.50","","5.85%"
"02/02/2026","4,666.27","4,799.72","4,885.08","4,404.12","","-4.09%"
"01/30/2026","4,865.35","5,395.58","5,451.20","4,681.94","","-9.83%"
"01/29/2026","5,395.88","5,399.91","5,595.46","5,110.73","","-0.08%"
"01/28/2026","5,400.25","5,189.63","5,401.62","5,157.35","","4.06%"
"01/27/2026","5,189.62","5,014.85","5,190.56","5,006.20","","3.47%"
"01/26/2026","5,015.34","5,007.11","5,111.40","4,989.85","","0.65%"
"01/23/2026","4,982.91","4,936.75","4,989.93","4,899.72","","0.94%"
"01/22/2026","4,936.75","4,836.95","4,941.25","4,772.38","","2.07%"
"01/21/2026","4,836.67","4,763.53","4,888.22","4,755.70","","1.54%"
"01/20/2026","4,763.49","4,671.02","4,766.46","4,659.34","","1.98%"
"01/19/2026","4,671.02","4,630.80","4,690.80","4,629.80","","1.65%"
"01/16/2026","4,595.10","4,614.90","4,621.27","4,537.15","","-0.43%"
"01/15/2026","4,614.91","4,620.83","4,632.65","4,581.05","","-0.13%"
"01/14/2026","4,620.83","4,588.05","4,643.06","4,585.32","","0.72%"
"01/13/2026","4,588.00","4,593.89","4,634.76","4,569.45","","-0.13%"
"01/12/2026","4,594.00","4,519.45","4,630.47","4,513.57","","1.85%"
"01/09/2026","4,510.45","4,476.71","4,517.40","4,452.62","","0.75%"
"01/08/2026","4,476.73","4,453.04","4,479.80","4,407.48","","0.53%"
"01/07/2026","4,453.04","4,497.33","4,500.65","4,423.47","","-0.99%"
"01/06/2026","4,497.34","4,448.56","4,497.54","4,427.25","","1.10%"
"01/05/2026","4,448.47","4,356.12","4,456.05","4,345.88","","2.72%"
"01/02/2026","4,330.50","4,333.00","4,402.53","4,310.01","","-0.41%"
"01/01/2026","4,348.35","4,329.42","4,351.65","4,324.42","","0.77%"
"12/31/2025","4,315.09","4,346.47","4,373.89","4,274.51","","-0.72%"
"12/30/2025","4,346.51","4,332.09","4,404.51","4,323.33","","0.33%"
"12/29/2025","4,332.08","4,540.70","4,550.10","4,303.75","","-4.42%"
"12/26/2025","4,532.63","4,479.64","4,550.11","4,475.10","","0.83%"
"12/25/2025","4,495.35","4,487.10","4,500.35","4,483.59","","0.35%"
"12/24/2025","4,479.64","4,488.81","4,525.71","4,448.27","","-0.20%"
"12/23/2025","4,488.82","4,445.62","4,499.87","4,429.92","","0.96%"
"12/22/2025","4,445.95","4,338.98","4,449.60","4,337.90","","2.48%"
"12/19/2025","4,338.55","4,332.33","4,356.65","4,309.01","","0.14%"
"12/18/2025","4,332.40","4,341.06","4,374.69","4,308.60","","-0.20%"
"12/17/2025","4,341.08","4,303.80","4,349.13","4,301.27","","0.87%"
"12/16/2025","4,303.80","4,302.58","4,335.16","4,271.34","","0.03%"
"12/15/2025","4,302.70","4,299.00","4,350.50","4,285.21","","0.01%"
"12/12/2025","4,302.43","4,283.26","4,353.72","4,257.60","","0.45%"
"12/11/2025","4,283.28","4,228.53","4,286.24","4,203.98","","1.29%"
"12/10/2025","4,228.55","4,209.56","4,239.10","4,181.68","","0.45%"
"12/09/2025","4,209.54","4,189.00","4,221.67","4,170.00","","0.49%"
"12/08/2025","4,189.05","4,197.19","4,219.31","4,176.34","","-0.19%"
"12/05/2025","4,197.13","4,208.69","4,259.55","4,191.95","","-0.27%"
"12/04/2025","4,208.69","4,206.15","4,219.46","4,174.60","","0.06%"
"12/03/2025","4,206.22","4,208.14","4,242.00","4,194.39","","-0.05%"
"12/02/2025","4,208.14","4,232.72","4,236.28","4,163.01","","-0.58%"
"12/01/2025","4,232.73","4,223.93","4,264.74","4,205.87","","0.05%"
"11/28/2025","4,230.63","4,157.57","4,231.51","4,157.15","","1.76%"
"11/27/2025","4,157.57","4,164.53","4,169.00","4,142.57","","-0.17%"
"11/26/2025","4,164.59","4,131.15","4,173.70","4,128.99","","0.81%"
"11/25/2025","4,131.15","4,139.66","4,159.45","4,109.72","","-0.21%"
"11/24/2025","4,139.70","4,066.47","4,140.13","4,040.03","","1.82%"
"11/21/2025","4,065.90","4,077.54","4,101.37","4,022.70","","-0.28%"
"11/20/2025","4,077.50","4,081.66","4,110.17","4,038.73","","-0.10%"
"11/19/2025","4,081.66","4,067.86","4,133.04","4,055.23","","0.34%"
"11/18/2025","4,067.88","4,044.61","4,082.69","3,997.99","","0.58%"
"11/17/2025","4,044.61","4,082.02","4,106.85","4,006.83","","-0.86%"
"11/14/2025","4,079.58","4,171.47","4,211.68","4,032.32","","-2.20%"
"11/13/2025","4,171.46","4,198.75","4,245.20","4,145.41","","-0.65%"
"11/12/2025","4,198.73","4,126.68","4,211.96","4,098.76","","1.75%"
"11/11/2025","4,126.68","4,115.91","4,149.20","4,097.09","","0.26%"
"11/10/2025","4,115.90","3,999.94","4,116.26","3,997.87","","2.90%"
"11/07/2025","3,999.72","3,977.92","4,027.63","3,974.41","","0.55%"
"11/06/2025","3,977.87","3,982.59","4,019.84","3,964.46","","-0.12%"
"11/05/2025","3,982.62","3,932.06","3,990.60","3,929.61","","1.29%"
"11/04/2025","3,932.05","4,001.67","4,006.00","3,928.66","","-1.74%"
"11/03/2025","4,001.67","4,002.28","4,030.70","3,962.85","","-0.02%"
"10/31/2025","4,002.28","4,024.37","4,046.00","3,972.45","","-0.55%"
"10/30/2025","4,024.47","3,931.15","4,027.44","3,915.17","","2.39%"
"10/29/2025","3,930.38","3,952.52","4,030.40","3,917.12","","-0.56%"
"10/28/2025","3,952.58","3,983.41","4,020.11","3,886.49","","-0.73%"
"10/27/2025","3,981.59","4,065.35","4,109.33","3,971.34","","-3.17%"
"10/24/2025","4,112.10","4,127.13","4,144.70","4,044.70","","-0.34%"
"10/23/2025","4,126.17","4,095.57","4,154.96","4,065.49","","0.78%"
"10/22/2025","4,094.07","4,123.10","4,161.65","4,004.69","","-0.75%"
"10/21/2025","4,125.10","4,355.55","4,375.59","4,086.47","","-5.31%"
"10/20/2025","4,356.50","4,251.82","4,381.60","4,218.81","","2.51%"
"10/17/2025","4,249.98","4,328.75","4,379.44","4,186.91","","-1.76%"
"10/16/2025","4,326.18","4,209.81","4,330.91","4,199.60","","2.79%"
"10/15/2025","4,208.58","4,144.40","4,218.42","4,140.45","","1.60%"
"10/14/2025","4,142.31","4,108.98","4,180.39","4,090.49","","0.77%"
"10/13/2025","4,110.70","4,018.79","4,117.14","4,008.80","","2.30%"
"10/10/2025","4,018.30","3,977.58","4,022.96","3,946.80","","1.06%"
"10/09/2025","3,976.29","4,042.69","4,058.09","3,944.80","","-1.55%"
"10/08/2025","4,038.90","3,983.82","4,059.34","3,982.86","","1.38%"
"10/07/2025","3,983.82","3,962.48","3,991.18","3,940.75","","0.57%"
"10/06/2025","3,961.09","3,888.45","3,970.24","3,883.93","","1.91%"
"10/03/2025","3,886.83","3,857.92","3,891.85","3,838.05","","0.79%"
"10/02/2025","3,856.53","3,866.66","3,897.20","3,819.51","","-0.24%"
"10/01/2025","3,865.80","3,858.84","3,895.45","3,853.44","","0.19%"
"09/30/2025","3,858.51","3,833.84","3,871.87","3,793.18","","0.64%"
"09/29/2025","3,833.93","3,758.59","3,834.58","3,757.62","","1.96%"
"09/26/2025","3,760.24","3,748.18","3,783.88","3,734.58","","0.29%"
"09/25/2025","3,749.37","3,736.67","3,761.66","3,722.04","","0.35%"
"09/24/2025","3,736.29","3,765.78","3,779.54","3,717.30","","-0.74%"
"09/23/2025","3,764.19","3,746.47","3,791.11","3,736.73","","0.47%"
"09/22/2025","3,746.47","3,686.80","3,749.25","3,683.62","","1.67%"
"09/19/2025","3,684.98","3,645.04","3,686.33","3,632.28","","1.11%"
"09/18/2025","3,644.36","3,659.40","3,673.18","3,627.89","","-0.43%"
"09/17/2025","3,660.04","3,691.80","3,707.70","3,645.44","","-0.81%"
"09/16/2025","3,689.80","3,678.84","3,703.23","3,674.66","","0.29%"
"09/15/2025","3,679.13","3,644.40","3,685.65","3,626.60","","0.99%"
"09/12/2025","3,643.13","3,635.01","3,656.86","3,630.48","","0.25%"
"09/11/2025","3,634.09","3,642.60","3,649.27","3,614.01","","-0.18%"
"09/10/2025","3,640.74","3,629.05","3,657.77","3,619.58","","0.39%"
"09/09/2025","3,626.48","3,637.10","3,674.75","3,625.33","","-0.26%"
"09/08/2025","3,635.84","3,586.82","3,646.60","3,579.67","","1.37%"
"09/05/2025","3,586.81","3,547.00","3,600.33","3,540.05","","1.15%"
"09/04/2025","3,546.17","3,560.57","3,564.45","3,511.19","","-0.37%"
"09/03/2025","3,559.43","3,535.69","3,578.80","3,526.26","","0.73%"
"09/02/2025","3,533.73","3,478.36","3,540.64","3,470.20","","1.65%"
"09/01/2025","3,476.47","3,448.00","3,490.06","3,436.80","","0.83%"
"08/29/2025","3,448.00","3,418.20","3,454.08","3,404.29","","0.90%"
"08/28/2025","3,417.20","3,394.18","3,423.36","3,384.46","","0.58%"
"08/27/2025","3,397.42","3,392.88","3,398.94","3,373.76","","0.13%"
"08/26/2025","3,392.88","3,366.78","3,394.33","3,351.26","","0.77%"
"08/25/2025","3,366.79","3,371.23","3,376.47","3,359.69","","-0.16%"
"08/22/2025","3,372.11","3,338.76","3,379.01","3,321.49","","1.00%"
"08/21/2025","3,338.81","3,347.38","3,353.25","3,325.27","","-0.25%"
"08/20/2025","3,347.11","3,315.46","3,350.50","3,311.46","","0.95%"
"08/19/2025","3,315.46","3,332.38","3,345.46","3,314.88","","-0.45%"
"08/18/2025","3,330.55","3,338.00","3,358.50","3,323.52","","-0.15%"
"08/15/2025","3,335.39","3,336.50","3,349.02","3,332.16","","-0.03%"
"08/14/2025","3,336.50","3,354.73","3,374.97","3,329.85","","-0.54%"
"08/13/2025","3,354.73","3,346.20","3,370.90","3,342.65","","0.25%"
"08/12/2025","3,346.20","3,342.64","3,359.27","3,331.03","","0.04%"
"08/11/2025","3,344.83","3,398.50","3,405.10","3,340.82","","-1.59%"
"08/08/2025","3,398.78","3,397.28","3,408.83","3,379.61","","0.04%"
"08/07/2025","3,397.31","3,366.11","3,402.71","3,364.77","","0.84%"
"08/06/2025","3,369.04","3,379.69","3,385.47","3,358.26","","-0.36%"
"08/05/2025","3,381.27","3,373.38","3,390.62","3,349.89","","0.23%"
"08/04/2025","3,373.37","3,365.10","3,385.56","3,345.00","","0.31%"
"08/01/2025","3,362.88","3,290.83","3,363.55","3,281.55","","2.21%"
"07/31/2025","3,290.32","3,275.91","3,314.98","3,273.77","","0.46%"
"07/30/2025","3,275.25","3,324.01","3,334.21","3,268.15","","-1.55%"
"07/29/2025","3,326.84","3,316.54","3,334.21","3,307.95","","0.37%"
"07/28/2025","3,314.64","3,335.00","3,345.56","3,301.66","","-0.68%"
"07/25/2025","3,337.18","3,369.29","3,373.73","3,325.05","","-0.92%"
"07/24/2025","3,368.15","3,387.79","3,393.47","3,351.40","","-0.58%"
"07/23/2025","3,387.78","3,431.26","3,439.09","3,381.45","","-1.27%"
"07/22/2025","3,431.50","3,395.81","3,433.56","3,383.29","","1.05%"
"07/21/2025","3,395.80","3,348.62","3,401.85","3,344.48","","1.36%"
"07/18/2025","3,350.40","3,338.76","3,361.41","3,331.75","","0.34%"
"07/17/2025","3,338.95","3,346.59","3,352.50","3,309.90","","-0.23%"
"07/16/2025","3,346.58","3,322.63","3,377.50","3,319.69","","0.72%"
"07/15/2025","3,322.63","3,343.80","3,366.58","3,320.27","","-0.63%"
"07/14/2025","3,343.80","3,355.91","3,374.94","3,341.10","","-0.36%"
"07/11/2025","3,355.91","3,325.63","3,368.89","3,321.37","","0.99%"
"07/10/2025","3,323.07","3,313.70","3,330.47","3,310.23","","0.28%"
"07/09/2025","3,313.72","3,298.73","3,317.05","3,282.80","","0.39%"
"07/08/2025","3,300.70","3,335.99","3,345.94","3,287.17","","-1.05%"
"07/07/2025","3,335.61","3,335.95","3,343.29","3,296.41","","-0.03%"
"07/04/2025","3,336.64","3,326.44","3,345.15","3,323.59","","0.30%"
"07/03/2025","3,326.57","3,357.36","3,365.81","3,311.70","","-0.92%"
"07/02/2025","3,357.36","3,338.36","3,360.08","3,327.60","","0.54%"
"07/01/2025","3,339.21","3,302.87","3,358.09","3,301.52","","1.08%"
"06/30/2025","3,303.69","3,272.65","3,309.58","3,247.86","","0.90%"
"06/27/2025","3,274.25","3,328.06","3,328.88","3,255.72","","-1.62%"
"06/26/2025","3,328.06","3,332.47","3,350.47","3,310.01","","-0.13%"
"06/25/2025","3,332.46","3,324.20","3,337.23","3,312.00","","0.25%"
"06/24/2025","3,324.20","3,368.79","3,371.01","3,295.38","","-1.33%"
"06/23/2025","3,368.88","3,367.17","3,399.25","3,347.25","","0.02%"
"06/20/2025","3,368.23","3,370.82","3,374.63","3,340.38","","-0.07%"
"06/19/2025","3,370.75","3,369.08","3,388.07","3,347.59","","0.05%"
"06/18/2025","3,369.09","3,390.40","3,400.05","3,362.54","","-0.58%"
"06/17/2025","3,388.74","3,383.20","3,403.39","3,366.25","","0.16%"
"06/16/2025","3,383.20","3,431.54","3,451.62","3,382.40","","-1.44%"
"06/13/2025","3,432.64","3,385.30","3,447.02","3,379.79","","1.40%"
"06/12/2025","3,385.29","3,357.24","3,399.16","3,338.64","","0.94%"
"06/11/2025","3,353.84","3,322.52","3,360.82","3,315.23","","0.93%"
"06/10/2025","3,323.02","3,328.58","3,349.28","3,301.92","","-0.16%"
"06/09/2025","3,328.33","3,311.51","3,338.43","3,293.70","","0.55%"
"06/06/2025","3,310.17","3,354.26","3,375.74","3,306.87","","-1.31%"
"06/05/2025","3,354.16","3,376.55","3,403.55","3,339.20","","-0.66%"
"06/04/2025","3,376.54","3,352.56","3,384.84","3,343.76","","0.72%"
"06/03/2025","3,352.25","3,379.99","3,392.53","3,333.08","","-0.83%"
"06/02/2025","3,380.21","3,289.80","3,383.24","3,289.41","","2.76%"
"05/30/2025","3,289.40","3,319.51","3,322.95","3,271.55","","-0.83%"
"05/29/2025","3,317.02","3,286.36","3,330.94","3,245.55","","0.83%"
"05/28/2025","3,289.76","3,300.70","3,325.68","3,276.31","","-0.33%"
"05/27/2025","3,300.68","3,344.00","3,350.21","3,285.70","","-1.26%"
"05/26/2025","3,342.94","3,354.30","3,357.03","3,323.91","","-0.43%"
"05/23/2025","3,357.42","3,297.15","3,366.39","3,287.24","","1.89%"
"05/22/2025","3,295.00","3,316.49","3,345.62","3,279.55","","-0.60%"
"05/21/2025","3,314.99","3,290.12","3,325.14","3,285.51","","0.76%"
"05/20/2025","3,290.12","3,229.85","3,295.98","3,204.40","","1.87%"
"05/19/2025","3,229.85","3,214.60","3,249.91","3,205.98","","0.85%"
"05/16/2025","3,202.77","3,239.11","3,252.27","3,154.32","","-1.18%"
"05/15/2025","3,240.87","3,178.06","3,241.26","3,120.52","","1.95%"
"05/14/2025","3,178.75","3,248.37","3,257.39","3,167.95","","-2.15%"
"05/13/2025","3,248.47","3,233.40","3,265.44","3,215.96","","0.43%"
"05/12/2025","3,234.70","3,324.98","3,325.42","3,207.67","","-2.70%"
"05/09/2025","3,324.63","3,305.51","3,347.64","3,274.94","","0.58%"
"05/08/2025","3,305.52","3,366.95","3,414.96","3,288.80","","-1.77%"
"05/07/2025","3,365.21","3,430.21","3,438.59","3,360.20","","-1.89%"
"05/06/2025","3,430.21","3,336.39","3,435.17","3,322.98","","2.87%"
"05/05/2025","3,334.50","3,240.00","3,337.81","3,237.81","","2.89%"
"05/02/2025","3,240.88","3,238.55","3,269.49","3,222.75","","0.00%"
"05/01/2025","3,241.00","3,288.55","3,290.94","3,202.09","","-1.45%"
"04/30/2025","3,288.59","3,316.92","3,328.36","3,267.09","","-0.86%"
"04/29/2025","3,317.18","3,341.67","3,349.08","3,299.23","","-0.73%"
"04/28/2025","3,341.67","3,328.40","3,353.33","3,267.81","","0.67%"
"04/25/2025","3,319.45","3,347.20","3,371.15","3,265.25","","-0.89%"
"04/24/2025","3,349.10","3,288.43","3,367.59","3,287.77","","1.85%"
"04/23/2025","3,288.26","3,382.55","3,386.89","3,260.50","","-2.79%"
"04/22/2025","3,382.54","3,421.57","3,500.33","3,366.74","","-1.22%"
"04/21/2025","3,424.30","3,334.41","3,430.93","3,327.82","","2.91%"
"04/17/2025","3,327.54","3,344.41","3,358.00","3,283.87","","-0.47%"
"04/16/2025","3,343.22","3,226.25","3,345.19","3,226.25","121.32K","3.58%"
"04/15/2025","3,227.60","3,210.21","3,234.16","3,209.36","121.32K","0.57%"
"04/14/2025","3,209.28","3,237.35","3,245.84","3,193.41","","-0.83%"
"04/11/2025","3,236.21","3,174.14","3,245.69","3,174.14","","1.96%"
"04/10/2025","3,173.92","3,083.75","3,176.94","3,071.03","","2.98%"
"04/09/2025","3,082.18","2,984.08","3,099.87","2,970.01","","3.30%"
"04/08/2025","2,983.78","2,983.39","3,022.84","2,974.45","","0.04%"
"04/07/2025","2,982.54","3,038.02","3,055.88","2,956.60","","-1.80%"
"04/04/2025","3,037.36","3,113.16","3,137.10","3,015.64","","-2.42%"
"04/03/2025","3,112.83","3,134.16","3,168.04","3,054.19","","-0.66%"
"04/02/2025","3,133.57","3,111.00","3,140.36","3,104.81","","0.74%"
"04/01/2025","3,110.55","3,123.36","3,149.11","3,100.85","","-0.40%"
"03/31/2025","3,123.05","3,086.54","3,128.29","3,076.62","","1.27%"
"03/28/2025","3,084.03","3,056.35","3,086.93","3,053.91","","0.91%"
"03/27/2025","3,056.10","3,019.56","3,059.75","3,017.26","","1.22%"
"03/26/2025","3,019.29","3,020.13","3,032.23","3,012.38","","-0.02%"
"03/25/2025","3,019.85","3,012.40","3,035.94","3,007.53","","0.25%"
"03/24/2025","3,012.27","3,023.03","3,033.44","3,002.34","","-0.38%"
"03/21/2025","3,023.63","3,042.60","3,047.66","2,999.46","","-0.68%"
"03/20/2025","3,044.41","3,046.31","3,057.51","3,025.56","","-0.09%"
"03/19/2025","3,047.18","3,032.20","3,052.30","3,022.73","","0.44%"
"03/18/2025","3,033.95","2,999.11","3,038.45","2,999.11","","1.08%"
"03/17/2025","3,001.47","2,985.80","3,002.23","2,982.13","","0.57%"
"03/14/2025","2,984.42","2,988.38","3,005.08","2,978.41","","-0.11%"
"03/13/2025","2,987.75","2,932.66","2,989.64","2,932.03","","1.90%"
"03/12/2025","2,932.06","2,916.85","2,940.83","2,906.19","","0.55%"
"03/11/2025","2,916.04","2,888.72","2,922.22","2,880.34","","0.92%"
"03/10/2025","2,889.40","2,912.17","2,918.50","2,880.30","","-0.73%"
"03/07/2025","2,910.79","2,910.48","2,930.56","2,896.71","","0.03%"
"03/06/2025","2,909.99","2,918.98","2,926.88","2,891.34","","-0.30%"
"03/05/2025","2,918.84","2,917.59","2,929.94","2,894.19","","0.05%"
"03/04/2025","2,917.49","2,894.05","2,928.15","2,881.81","","0.82%"
"03/03/2025","2,893.71","2,856.71","2,895.45","2,855.63","","1.23%"
"02/28/2025","2,858.60","2,877.66","2,885.34","2,832.63","","-0.61%"
"02/27/2025","2,876.19","2,916.80","2,920.96","2,867.86","","-1.37%"
"02/26/2025","2,916.19","2,915.42","2,930.22","2,890.99","","0.04%"
"02/25/2025","2,915.12","2,951.82","2,954.44","2,888.06","","-1.22%"
"02/24/2025","2,951.19","2,936.41","2,956.37","2,920.77","","0.52%"
"02/21/2025","2,936.03","2,939.00","2,950.01","2,916.70","","-0.09%"
"02/20/2025","2,938.70","2,932.81","2,954.97","2,924.20","","0.21%"
"02/19/2025","2,932.64","2,935.73","2,947.23","2,918.50","","-0.10%"
"02/18/2025","2,935.58","2,897.51","2,937.46","2,891.94","","1.31%"
"02/17/2025","2,897.66","2,883.55","2,906.69","2,887.20","","0.50%"
"02/14/2025","2,883.18","2,929.19","2,940.23","2,876.96","","-1.57%"
"02/13/2025","2,929.03","2,904.10","2,929.74","2,900.20","","0.87%"
"02/12/2025","2,903.66","2,898.90","2,909.16","2,864.01","","0.18%"
"02/11/2025","2,898.34","2,907.47","2,943.25","2,881.76","","-0.31%"
"02/10/2025","2,907.34","2,864.08","2,911.60","2,854.69","","1.64%"
"02/07/2025","2,860.39","2,856.60","2,886.96","2,852.55","","0.14%"
"02/06/2025","2,856.50","2,865.26","2,873.74","2,834.40","","-0.30%"
"02/05/2025","2,865.09","2,842.06","2,882.53","2,839.32","","0.81%"
"02/04/2025","2,841.94","2,814.80","2,845.57","2,806.90","","1.01%"
"02/03/2025","2,813.49","2,801.40","2,831.70","2,771.69","","0.45%"
"01/31/2025","2,801.00","2,794.04","2,817.57","2,790.78","","0.25%"
"01/30/2025","2,793.88","2,757.90","2,798.80","2,757.24","","1.31%"
"01/29/2025","2,757.71","2,763.48","2,766.53","2,744.71","","-0.20%"
"01/28/2025","2,763.11","2,742.57","2,765.18","2,734.68","","0.80%"
"01/27/2025","2,741.10","2,770.70","2,773.02","2,729.80","","-1.09%"
"01/24/2025","2,771.30","2,754.06","2,786.04","2,752.56","","0.64%"
"01/23/2025","2,753.69","2,755.96","2,759.06","2,735.85","","-0.05%"
"01/22/2025","2,755.02","2,745.08","2,763.72","2,741.83","121.32K","0.39%"