2022.10.10,00:00,1696.732,1697.270,1665.697,1670.169,67103
2022.10.11,00:00,1670.138,1683.917,1660.905,1664.074,77745
2022.10.12,00:00,1664.053,1678.301,1661.418,1674.520,74773
2022.10.13,00:00,1674.497,1682.397,1642.407,1663.479,81892
2022.10.14,00:00,1663.455,1671.732,1640.196,1644.304,76882
2022.10.16,00:00,1646.200,1647.693,1644.132,1647.508,3473
2022.10.17,00:00,1647.493,1668.426,1646.399,1650.736,66706
2022.10.18,00:00,1650.768,1660.890,1645.883,1652.343,70467
2022.10.19,00:00,1652.341,1653.394,1626.515,1627.135,68878
2022.10.20,00:00,1627.102,1645.607,1622.440,1627.018,71895
2022.10.21,00:00,1627.017,1658.125,1616.999,1657.883,84067
2022.10.23,00:00,1660.012,1670.697,1656.653,1661.289,8532
2022.10.24,00:00,1661.257,1663.309,1643.941,1651.779,80124
2022.10.25,00:00,1651.811,1662.318,1638.196,1652.792,107140
2022.10.26,00:00,1652.803,1674.871,1649.770,1667.550,110095
2022.10.27,00:00,1667.561,1670.791,1654.835,1661.900,122421
2022.10.28,00:00,1661.899,1667.029,1637.909,1644.635,109871
2022.10.30,00:00,1643.764,1645.411,1643.040,1643.484,4695
2022.10.31,00:00,1643.451,1645.597,1631.714,1632.454,86309
2022.11.01,00:00,1632.457,1657.007,1630.726,1646.809,109492
2022.11.02,00:00,1646.842,1669.466,1631.837,1633.758,135734
2022.11.03,00:00,1633.756,1640.948,1616.662,1629.775,115069
2022.11.04,00:00,1629.808,1681.703,1629.353,1681.003,132871
2022.11.06,00:00,1675.205,1680.347,1672.314,1672.698,5337
2022.11.07,00:00,1672.736,1681.903,1666.889,1674.109,103118
2022.11.08,00:00,1674.121,1716.938,1664.703,1711.624,118533
2022.11.09,00:00,1711.620,1722.328,1702.161,1706.487,124423
2022.11.10,00:00,1706.506,1757.234,1704.018,1752.234,145434
2022.11.11,00:00,1752.229,1772.897,1747.268,1771.029,129496
2022.11.13,00:00,1763.525,1764.928,1761.460,1763.476,4143
2022.11.14,00:00,1763.484,1775.044,1753.176,1769.519,114634
2022.11.15,00:00,1769.553,1786.509,1767.084,1780.783,154433
2022.11.16,00:00,1780.811,1785.030,1770.309,1773.881,121894
2022.11.17,00:00,1773.899,1774.799,1754.480,1760.095,111274
2022.11.18,00:00,1760.063,1767.711,1747.524,1750.890,93371
2022.11.20,00:00,1751.234,1752.633,1750.906,1752.299,2432
2022.11.21,00:00,1752.293,1753.024,1732.510,1738.543,101153
2022.11.22,00:00,1738.551,1749.671,1737.046,1741.176,89702
2022.11.23,00:00,1741.178,1753.416,1726.544,1752.308,106098
2022.11.24,00:00,1752.340,1758.603,1752.334,1755.307,62916
2022.11.25,00:00,1755.412,1761.157,1745.984,1756.090,74200
2022.11.27,00:00,1753.643,1754.367,1750.038,1750.937,1549
2022.11.28,00:00,1750.921,1763.741,1739.639,1741.268,103668
2022.11.29,00:00,1741.289,1759.004,1740.272,1748.921,96275
2022.11.30,00:00,1748.958,1773.477,1744.720,1773.369,121891
2022.12.01,00:00,1773.391,1804.477,1772.008,1802.291,122186
2022.12.02,00:00,1802.321,1802.997,1778.463,1797.983,117901
2022.12.04,00:00,1795.168,1799.378,1794.435,1798.983,3012
2022.12.05,00:00,1799.014,1809.911,1765.794,1769.385,110105
2022.12.06,00:00,1769.351,1780.872,1767.239,1770.952,94672
2022.12.07,00:00,1770.956,1790.527,1768.721,1787.002,105246
2022.12.08,00:00,1787.012,1794.850,1781.409,1789.244,87474
2022.12.09,00:00,1789.248,1806.080,1788.503,1797.493,98102
2022.12.11,00:00,1795.979,1796.672,1794.795,1794.991,2137
2022.12.12,00:00,1794.975,1795.483,1777.578,1781.930,86595
2022.12.13,00:00,1781.931,1824.487,1781.020,1809.625,130032
2022.12.14,00:00,1809.623,1814.122,1795.898,1807.653,129012
2022.12.15,00:00,1807.655,1807.855,1773.569,1776.528,120716
2022.12.16,00:00,1776.493,1794.266,1774.309,1793.100,95321
2022.12.18,00:00,1792.490,1793.043,1790.987,1791.054,2246
2022.12.19,00:00,1791.035,1798.749,1783.820,1787.293,82072
2022.12.20,00:00,1787.262,1821.058,1784.600,1817.236,125554
2022.12.21,00:00,1817.206,1823.798,1811.891,1814.930,90918
2022.12.22,00:00,1814.894,1820.402,1784.802,1793.478,99422
2022.12.23,00:00,1793.498,1803.231,1791.178,1798.506,85421
2022.12.26,00:00,1800.083,1803.456,1799.707,1801.209,1603
2022.12.27,00:00,1801.212,1833.344,1800.604,1812.391,91879
2022.12.28,00:00,1812.415,1814.604,1796.983,1805.803,88180
2022.12.29,00:00,1805.766,1820.183,1804.377,1815.133,81995
2022.12.30,00:00,1815.145,1826.022,1813.376,1823.547,88324
2023.01.02,00:00,1826.329,1830.629,1824.163,1829.288,2387
2023.01.03,00:00,1829.267,1849.959,1826.809,1836.559,123253
2023.01.04,00:00,1836.539,1865.124,1836.222,1854.865,124331
2023.01.05,00:00,1854.831,1859.008,1825.072,1832.836,116584
2023.01.06,00:00,1832.837,1869.821,1831.302,1866.026,119631
2023.01.08,00:00,1866.774,1869.960,1866.753,1869.639,3670
2023.01.09,00:00,1869.632,1881.481,1867.137,1870.525,108224
2023.01.10,00:00,1870.515,1880.757,1867.827,1877.205,103785
2023.01.11,00:00,1877.234,1886.614,1867.131,1876.976,100824
2023.01.12,00:00,1876.972,1901.629,1873.448,1898.059,133179
2023.01.13,00:00,1898.061,1921.891,1892.320,1920.288,111577
2023.01.15,00:00,1919.104,1920.487,1916.881,1916.930,2928
2023.01.16,00:00,1916.942,1928.863,1910.850,1917.893,69360
2023.01.17,00:00,1917.920,1919.033,1903.708,1908.728,101955
2023.01.18,00:00,1908.711,1925.899,1896.597,1906.856,129190
2023.01.19,00:00,1906.886,1935.166,1900.987,1931.717,114686
2023.01.20,00:00,1931.720,1937.458,1920.617,1925.954,97933
2023.01.22,00:00,1924.280,1927.364,1924.226,1927.295,2521
2023.01.23,00:00,1927.270,1935.504,1911.334,1931.362,105376
2023.01.24,00:00,1931.350,1942.470,1917.037,1937.001,101134
2023.01.25,00:00,1936.990,1948.777,1919.841,1948.359,107042
2023.01.26,00:00,1948.384,1949.154,1918.485,1930.756,113364
2023.01.27,00:00,1930.717,1935.063,1916.693,1928.302,92731
2023.01.29,00:00,1926.774,1928.956,1926.445,1928.892,2432
2023.01.30,00:00,1928.896,1934.462,1920.665,1922.127,96200
2023.01.31,00:00,1922.159,1931.125,1900.774,1927.373,110425
2023.02.01,00:00,1927.367,1956.026,1920.532,1953.081,138680
2023.02.02,00:00,1953.046,1959.677,1911.249,1915.040,144438
2023.02.03,00:00,1915.035,1918.552,1861.424,1865.742,147168
2023.02.05,00:00,1864.207,1869.932,1863.755,1865.499,4303
2023.02.06,00:00,1865.466,1881.333,1863.020,1868.513,112453
2023.02.07,00:00,1868.544,1884.466,1865.009,1872.931,137567
2023.02.08,00:00,1872.930,1886.380,1869.052,1875.027,102331
2023.02.09,00:00,1875.021,1890.207,1858.879,1862.360,113706
2023.02.10,00:00,1862.391,1872.196,1852.782,1865.352,115665
2023.02.12,00:00,1864.008,1865.327,1862.671,1862.743,2215
2023.02.13,00:00,1862.776,1866.570,1850.454,1854.413,92841
2023.02.14,00:00,1854.417,1870.479,1843.227,1854.902,155854
2023.02.15,00:00,1854.900,1860.104,1830.300,1836.398,117939
2023.02.16,00:00,1836.391,1845.303,1827.605,1834.309,114982
2023.02.17,00:00,1834.326,1843.584,1818.899,1842.537,107743
2023.02.19,00:00,1841.200,1841.724,1838.424,1838.696,2114
2023.02.20,00:00,1838.704,1847.453,1837.320,1841.712,51898
2023.02.21,00:00,1841.742,1843.839,1830.242,1835.585,100282
2023.02.22,00:00,1835.589,1846.010,1823.511,1825.113,102614
2023.02.23,00:00,1825.124,1833.761,1817.331,1823.203,99264
2023.02.24,00:00,1823.235,1827.792,1808.938,1810.815,100822
2023.02.26,00:00,1811.929,1813.116,1811.277,1811.778,2182
2023.02.27,00:00,1811.766,1820.125,1806.357,1817.175,89145
2023.02.28,00:00,1817.176,1831.142,1804.498,1825.588,94258
2023.03.01,00:00,1825.590,1844.612,1823.080,1836.591,103971
2023.03.02,00:00,1836.568,1838.969,1829.984,1837.856,96448
2023.03.03,00:00,1837.825,1856.316,1837.794,1855.302,90691
2023.03.05,00:00,1853.731,1854.114,1852.190,1852.332,1832
2023.03.06,00:00,1852.339,1858.185,1845.104,1846.360,84801
2023.03.07,00:00,1846.341,1851.524,1812.708,1813.974,110382
2023.03.08,00:00,1813.972,1824.273,1809.409,1815.234,96069
2023.03.09,00:00,1815.247,1835.623,1811.959,1831.606,90840
2023.03.10,00:00,1831.603,1870.068,1827.739,1867.146,133132
2023.03.12,00:00,1883.276,1894.406,1875.787,1877.783,25388
2023.03.13,00:00,1877.753,1914.615,1871.533,1912.062,197376
2023.03.14,00:00,1912.092,1914.150,1895.303,1903.102,152971
2023.03.15,00:00,1903.093,1937.325,1885.659,1921.193,192474
2023.03.16,00:00,1921.183,1933.480,1907.410,1921.331,165442
2023.03.17,00:00,1921.343,1988.348,1918.234,1988.166,151351
2023.03.19,00:00,1985.962,1988.170,1975.074,1976.974,11963
2023.03.20,00:00,1977.005,2009.743,1965.740,1976.623,190923
2023.03.21,00:00,1976.619,1985.158,1935.380,1943.144,139970
2023.03.22,00:00,1943.112,1978.810,1934.169,1969.743,130760
2023.03.23,00:00,1969.792,2003.314,1966.354,1991.361,156347
2023.03.24,00:00,1991.329,2003.026,1975.202,1978.814,158801
2023.03.26,00:00,1976.438,1976.772,1969.266,1975.728,7624
2023.03.27,00:00,1975.695,1978.729,1943.981,1958.109,122551
2023.03.28,00:00,1958.077,1975.293,1949.178,1971.904,105021
2023.03.29,00:00,1971.936,1972.891,1958.590,1963.234,94579
2023.03.30,00:00,1963.238,1984.289,1955.270,1978.424,99987
2023.03.31,00:00,1978.449,1987.599,1966.844,1969.414,101619
2023.04.02,00:00,1966.312,1967.445,1957.002,1957.064,9070
2023.04.03,00:00,1957.100,1990.514,1949.654,1984.973,111877
2023.04.04,00:00,1984.966,2025.027,1976.896,2021.771,124074
2023.04.05,00:00,2021.785,2032.084,2009.956,2020.324,116549
2023.04.06,00:00,2020.307,2020.945,2000.848,2007.798,97618
2023.04.09,00:00,1997.096,2006.532,1996.057,2005.534,5723
2023.04.10,00:00,2005.566,2005.898,1981.549,1992.426,96588
2023.04.11,00:00,1992.393,2007.447,1988.810,2004.696,84789
2023.04.12,00:00,2004.713,2028.217,2001.062,2018.186,117056
2023.04.13,00:00,2018.155,2048.672,2015.314,2039.751,108739
2023.04.14,00:00,2039.750,2047.429,1992.401,2004.290,132348
2023.04.16,00:00,2001.244,2005.044,1999.688,2002.885,5116
2023.04.17,00:00,2002.904,2015.035,1981.012,1993.943,109457
2023.04.18,00:00,1993.952,2011.861,1991.123,2005.755,97040
2023.04.19,00:00,2005.757,2008.152,1969.213,1993.653,113456
2023.04.20,00:00,1993.688,2012.384,1990.514,2005.351,109841
2023.04.21,00:00,2005.324,2005.545,1971.621,1982.924,118268
2023.04.23,00:00,1982.119,1985.381,1981.826,1984.657,3555
2023.04.24,00:00,1984.656,1996.533,1974.066,1995.053,100118
2023.04.25,00:00,1995.052,2003.868,1976.105,2000.210,125728
2023.04.26,00:00,2000.215,2009.360,1983.385,1991.685,127331
2023.04.27,00:00,1991.654,2003.296,1974.053,1986.951,116797
2023.04.28,00:00,1986.916,1995.032,1976.178,1989.414,121140
2023.04.30,00:00,1989.639,1991.914,1986.657,1986.933,4632
2023.05.01,00:00,1986.965,2005.971,1977.092,1981.411,116679
2023.05.02,00:00,1981.423,2019.385,1978.493,2015.943,122129
2023.05.03,00:00,2015.954,2080.004,2007.681,2051.994,152945
2023.05.04,00:00,2051.996,2059.575,2030.364,2049.960,166007
2023.05.05,00:00,2049.961,2052.994,1999.489,2016.687,117220
2023.05.07,00:00,2016.465,2017.319,2014.212,2016.044,4614
2023.05.08,00:00,2016.013,2029.357,2015.187,2021.275,91200
2023.05.09,00:00,2021.303,2037.599,2019.520,2036.308,93232
2023.05.10,00:00,2036.348,2048.153,2021.431,2031.474,108812
2023.05.11,00:00,2031.448,2040.928,2011.141,2016.383,129780
2023.05.12,00:00,2016.405,2022.536,2000.933,2010.949,107777
2023.05.14,00:00,2008.702,2011.994,2008.702,2009.596,3383
2023.05.15,00:00,2009.589,2022.120,2008.675,2014.437,87552
2023.05.16,00:00,2014.448,2018.317,1985.489,1989.667,108102
2023.05.17,00:00,1989.670,1993.015,1974.846,1982.752,96752
2023.05.18,00:00,1982.754,1986.010,1951.974,1958.393,102473
2023.05.19,00:00,1958.402,1984.224,1954.041,1977.741,113079
2023.05.21,00:00,1978.043,1981.518,1978.043,1980.866,3723
2023.05.22,00:00,1980.865,1982.567,1968.877,1969.821,98375
2023.05.23,00:00,1969.852,1977.776,1954.269,1975.017,114188
2023.05.24,00:00,1975.059,1985.198,1956.721,1959.789,111507
2023.05.25,00:00,1959.786,1964.749,1938.851,1940.553,119470
2023.05.26,00:00,1940.530,1957.257,1936.651,1946.871,101895
2023.05.28,00:00,1943.302,1946.286,1943.265,1943.691,4455
2023.05.29,00:00,1943.724,1949.755,1940.308,1941.721,54795
2023.05.30,00:00,1941.535,1963.517,1932.080,1958.572,104769
2023.05.31,00:00,1958.582,1974.751,1953.662,1966.282,110085
2023.06.01,00:00,1966.313,1983.086,1953.375,1977.068,105112
2023.06.02,00:00,1977.070,1983.370,1947.618,1948.029,97526
2023.06.04,00:00,1947.404,1950.133,1947.335,1949.368,4212
2023.06.05,00:00,1949.381,1964.041,1938.085,1961.261,96588
2023.06.06,00:00,1961.268,1966.414,1954.383,1963.383,89177
2023.06.07,00:00,1963.353,1970.160,1939.876,1944.474,97644
2023.06.08,00:00,1944.470,1970.545,1942.802,1965.354,94462
2023.06.09,00:00,1965.350,1972.906,1956.617,1960.678,84894
2023.06.11,00:00,1959.630,1960.535,1958.051,1959.970,3142
2023.06.12,00:00,1959.979,1966.964,1949.205,1959.978,85973
2023.06.13,00:00,1959.991,1970.537,1940.012,1943.922,96965
2023.06.14,00:00,1943.928,1960.170,1939.710,1945.225,108737
2023.06.15,00:00,1945.184,1960.232,1924.948,1958.261,107310
2023.06.16,00:00,1958.240,1967.885,1953.250,1957.478,88317
2023.06.18,00:00,1958.538,1958.598,1956.272,1957.075,3490
2023.06.19,00:00,1957.083,1958.749,1947.771,1952.235,61093
2023.06.20,00:00,1952.420,1956.764,1929.771,1937.269,99480
2023.06.21,00:00,1937.263,1939.469,1919.010,1933.877,106493
2023.06.22,00:00,1933.876,1934.235,1912.393,1914.477,95075
2023.06.23,00:00,1914.507,1937.287,1910.129,1921.229,95643
2023.06.25,00:00,1922.989,1925.440,1922.719,1925.332,4385
2023.06.26,00:00,1925.331,1933.317,1920.940,1922.522,86139
2023.06.27,00:00,1922.538,1930.676,1910.837,1915.422,89615
2023.06.28,00:00,1915.427,1917.212,1902.815,1909.719,89723
2023.06.29,00:00,1909.749,1913.084,1892.984,1908.698,97357
2023.06.30,00:00,1908.729,1922.731,1900.539,1919.371,91800
2023.07.02,00:00,1918.589,1919.622,1917.502,1918.207,3339
2023.07.03,00:00,1918.201,1930.929,1910.041,1921.219,78812
2023.07.04,00:00,1921.218,1930.683,1920.062,1926.213,55060
2023.07.05,00:00,1926.285,1935.005,1914.803,1916.809,86988
2023.07.06,00:00,1916.821,1927.586,1902.656,1911.554,102349
2023.07.07,00:00,1911.581,1934.883,1909.662,1925.377,83973
2023.07.09,00:00,1925.326,1928.178,1923.880,1924.886,4485
2023.07.10,00:00,1924.895,1926.918,1912.464,1924.859,82677
2023.07.11,00:00,1924.860,1938.442,1924.444,1933.278,81689
2023.07.12,00:00,1933.281,1959.656,1933.208,1957.750,86972
2023.07.13,00:00,1957.751,1963.418,1952.382,1960.172,92485
2023.07.14,00:00,1960.162,1963.709,1950.916,1955.262,88690
2023.07.16,00:00,1955.013,1955.013,1951.392,1953.319,4137
2023.07.17,00:00,1953.318,1959.838,1945.791,1955.435,81153
2023.07.18,00:00,1955.433,1984.326,1954.715,1977.518,102245
2023.07.19,00:00,1977.501,1980.897,1969.780,1977.720,83527
2023.07.20,00:00,1977.698,1987.458,1965.358,1972.234,90505
2023.07.21,00:00,1972.264,1973.773,1956.718,1961.888,82067
2023.07.23,00:00,1962.265,1962.920,1960.388,1961.214,2963
2023.07.24,00:00,1961.210,1967.843,1953.212,1954.430,85836
2023.07.25,00:00,1954.431,1966.267,1951.918,1965.321,82866
2023.07.26,00:00,1965.331,1978.281,1962.039,1972.046,94337
2023.07.27,00:00,1972.050,1982.171,1942.206,1947.480,107182
2023.07.28,00:00,1947.449,1963.497,1946.092,1959.221,106879
2023.07.30,00:00,1959.912,1960.507,1957.411,1958.107,3960
2023.07.31,00:00,1958.092,1972.364,1950.774,1963.944,82268
2023.08.01,00:00,1963.913,1964.665,1941.247,1952.183,91575
2023.08.02,00:00,1952.178,1954.789,1932.953,1936.037,90588
2023.08.03,00:00,1936.063,1938.860,1929.456,1935.812,92046
2023.08.04,00:00,1935.785,1946.827,1925.289,1942.521,88361
2023.08.06,00:00,1942.598,1946.685,1942.453,1943.827,4328
2023.08.07,00:00,1943.822,1945.305,1931.499,1936.770,72027
2023.08.08,00:00,1936.800,1937.343,1922.655,1925.607,80915
2023.08.09,00:00,1925.612,1932.242,1914.064,1916.726,74520
2023.08.10,00:00,1916.759,1929.949,1910.689,1912.395,90530
2023.08.11,00:00,1912.398,1920.920,1911.895,1913.823,72384
2023.08.13,00:00,1913.703,1915.218,1912.420,1913.658,3250
2023.08.14,00:00,1913.657,1916.194,1902.577,1907.595,77629
2023.08.15,00:00,1907.605,1911.600,1896.320,1901.457,89193
2023.08.16,00:00,1901.449,1907.183,1891.727,1893.333,78487
2023.08.17,00:00,1893.335,1903.387,1885.033,1891.264,81658
2023.08.18,00:00,1891.269,1896.684,1886.762,1889.566,71922
2023.08.20,00:00,1889.395,1890.861,1888.838,1889.956,3160
2023.08.21,00:00,1889.972,1898.725,1884.659,1894.702,79667
2023.08.22,00:00,1894.711,1904.448,1889.127,1898.516,73969
2023.08.23,00:00,1898.513,1920.329,1898.469,1917.886,82450
2023.08.24,00:00,1917.858,1923.222,1911.779,1915.884,75311
2023.08.25,00:00,1915.883,1922.283,1903.654,1914.358,80290
2023.08.27,00:00,1916.011,1916.106,1914.359,1915.065,3301
2023.08.28,00:00,1915.066,1926.028,1912.769,1921.224,63384
2023.08.29,00:00,1921.236,1938.158,1914.445,1936.205,74789
2023.08.30,00:00,1936.213,1949.043,1934.977,1944.223,75437
2023.08.31,00:00,1944.232,1947.795,1939.071,1939.862,70380
2023.09.01,00:00,1939.866,1952.744,1934.409,1939.741,77725
2023.09.03,00:00,1940.024,1941.038,1939.444,1940.596,2123
2023.09.04,00:00,1940.595,1946.270,1936.725,1937.696,46255
2023.09.05,00:00,1937.588,1938.965,1925.347,1926.596,72779
2023.09.06,00:00,1926.606,1929.134,1915.278,1917.129,72630
2023.09.07,00:00,1917.124,1923.559,1916.201,1920.285,65451
2023.09.08,00:00,1920.293,1929.677,1917.322,1919.011,64732
2023.09.10,00:00,1919.658,1919.691,1916.614,1918.838,4003
2023.09.11,00:00,1918.832,1930.575,1918.354,1921.661,70964
2023.09.12,00:00,1921.627,1924.484,1907.367,1912.895,69120
2023.09.13,00:00,1912.880,1915.734,1905.430,1909.214,79450
2023.09.14,00:00,1909.207,1912.893,1901.006,1909.772,82362
2023.09.15,00:00,1909.803,1930.410,1909.803,1923.868,75237
2023.09.17,00:00,1924.114,1924.568,1922.584,1923.264,2677
2023.09.18,00:00,1923.265,1934.491,1922.811,1934.078,66931
2023.09.19,00:00,1934.099,1937.382,1929.761,1931.356,61351
2023.09.20,00:00,1931.355,1947.398,1927.912,1929.462,82664
2023.09.21,00:00,1929.466,1930.488,1913.866,1921.390,82481
2023.09.22,00:00,1921.398,1929.083,1921.227,1925.269,66612
2023.09.24,00:00,1926.154,1926.331,1924.439,1924.755,3104
2023.09.25,00:00,1924.767,1927.185,1915.121,1916.245,68712
2023.09.26,00:00,1916.246,1916.485,1899.140,1901.566,71276
2023.09.27,00:00,1901.562,1903.787,1872.544,1877.599,79503
2023.09.28,00:00,1877.621,1879.527,1857.682,1866.737,87842
2023.09.29,00:00,1866.733,1879.839,1846.319,1848.833,88040
2023.10.01,00:00,1847.322,1848.715,1845.725,1848.352,4058
2023.10.02,00:00,1848.350,1848.923,1820.442,1824.982,91520
2023.10.03,00:00,1824.957,1833.382,1815.255,1823.341,112682
2023.10.04,00:00,1823.303,1830.617,1816.593,1822.561,101048
2023.10.05,00:00,1822.509,1829.210,1813.032,1821.310,86875
2023.10.06,00:00,1821.304,1834.870,1810.440,1831.937,96598
2023.10.08,00:00,1853.427,1854.680,1845.562,1848.003,10955
2023.10.09,00:00,1848.030,1863.454,1844.198,1862.573,84311
2023.10.10,00:00,1862.620,1865.315,1853.007,1859.685,88320
2023.10.11,00:00,1859.670,1877.189,1858.628,1875.288,85702
2023.10.12,00:00,1875.289,1884.993,1867.920,1870.592,86183
2023.10.13,00:00,1870.584,1932.630,1870.092,1932.254,101864
2023.10.15,00:00,1927.558,1927.558,1921.214,1925.874,7665
2023.10.16,00:00,1925.880,1925.965,1908.181,1919.424,92244
2023.10.17,00:00,1919.419,1931.561,1912.380,1924.727,92800
2023.10.18,00:00,1924.726,1962.599,1923.793,1950.880,108499
2023.10.19,00:00,1950.820,1982.421,1945.132,1977.175,116176
2023.10.20,00:00,1977.210,1997.152,1972.011,1980.788,113233
2023.10.22,00:00,1972.769,1978.567,1970.099,1971.581,6180
2023.10.23,00:00,1971.542,1982.784,1964.345,1973.595,102697
2023.10.24,00:00,1973.592,1980.873,1953.482,1972.862,101095
2023.10.25,00:00,1972.863,1987.245,1963.036,1982.961,108349
2023.10.26,00:00,1982.979,1993.426,1971.773,1984.416,101328
2023.10.27,00:00,1984.378,2009.364,1976.854,2006.086,100475
2023.10.29,00:00,2002.992,2004.813,1996.905,2002.694,9368
2023.10.30,00:00,2002.722,2006.769,1991.014,1995.551,94597
2023.10.31,00:00,1995.569,2007.887,1978.843,1983.705,101937
2023.11.01,00:00,1983.707,1992.750,1969.860,1985.048,107104
2023.11.02,00:00,1985.027,1990.963,1978.836,1984.998,85338
2023.11.03,00:00,1984.994,2004.045,1983.256,1992.554,95176
2023.11.05,00:00,1991.456,1991.616,1987.186,1988.508,2462
2023.11.06,00:00,1988.511,1993.080,1975.773,1976.715,82497
2023.11.07,00:00,1976.691,1977.039,1956.662,1968.940,89507
2023.11.08,00:00,1968.946,1971.027,1947.372,1950.849,88767
2023.11.09,00:00,1950.853,1965.756,1944.535,1959.095,97577
2023.11.10,00:00,1959.097,1960.752,1932.936,1938.391,85366
2023.11.12,00:00,1941.040,1941.337,1921.506,1940.382,2179
2023.11.13,00:00,1940.412,1949.225,1931.642,1946.437,79758
2023.11.14,00:00,1946.451,1970.981,1937.533,1962.530,90529
2023.11.15,00:00,1962.524,1975.282,1955.450,1960.369,90265
2023.11.16,00:00,1960.371,1987.982,1956.474,1982.637,86717
2023.11.17,00:00,1982.615,1993.444,1978.552,1980.673,84946
2023.11.19,00:00,1977.494,1978.757,1974.157,1974.508,2458
2023.11.20,00:00,1974.569,1985.159,1965.453,1981.207,95810
2023.11.21,00:00,1981.192,2007.525,1980.747,1999.376,102324
2023.11.22,00:00,1999.302,2006.462,1986.888,1990.544,92505
2023.11.23,00:00,1990.553,1998.599,1989.799,1994.051,58280
2023.11.24,00:00,1994.109,2003.637,1991.491,2002.255,69385
2023.11.26,00:00,2000.967,2003.046,2000.553,2002.317,2335
2023.11.27,00:00,2002.402,2018.225,2001.828,2015.253,99648
2023.11.28,00:00,2015.254,2044.610,2011.371,2044.443,94533
2023.11.29,00:00,2044.463,2052.067,2035.266,2044.681,109393
2023.11.30,00:00,2044.678,2047.289,2031.305,2039.987,101494
2023.12.01,00:00,2040.113,2075.335,2033.863,2071.624,106704
2023.12.03,00:00,2074.180,2144.643,2071.707,2117.588,17125
2023.12.04,00:00,2117.991,2120.704,2020.024,2034.125,189112
2023.12.05,00:00,2033.968,2041.207,2009.781,2018.940,134292
2023.12.06,00:00,2018.942,2035.952,2018.721,2027.044,110216
2023.12.07,00:00,2027.014,2039.928,2020.129,2027.984,109513
2023.12.08,00:00,2028.098,2034.042,1994.555,2004.377,127313
2023.12.10,00:00,2005.622,2007.685,2004.582,2007.091,3144
2023.12.11,00:00,2007.030,2007.845,1975.883,1982.997,105971
2023.12.12,00:00,1982.991,1996.769,1977.153,1982.490,104384
2023.12.13,00:00,1982.489,2033.167,1973.071,2032.851,123506
2023.12.14,00:00,2032.895,2047.947,2027.428,2035.591,144736
2023.12.15,00:00,2035.558,2044.947,2015.584,2019.529,116039
2023.12.17,00:00,2019.840,2020.139,2015.929,2017.452,3328
2023.12.18,00:00,2017.451,2033.739,2016.105,2027.642,96792
2023.12.19,00:00,2027.606,2047.004,2021.711,2040.969,98015
2023.12.20,00:00,2040.899,2043.479,2027.429,2032.164,95218
2023.12.21,00:00,2032.140,2055.050,2031.943,2052.815,98335
2023.12.22,00:00,2052.825,2070.657,2046.789,2053.132,106341
2023.12.25,00:00,2057.790,2057.873,2053.505,2054.680,1462
2023.12.26,00:00,2054.672,2069.097,2053.388,2065.738,59313
2023.12.27,00:00,2065.973,2084.460,2061.501,2079.281,88914
2023.12.28,00:00,2079.380,2088.523,2064.494,2066.676,99974
2023.12.29,00:00,2066.715,2074.777,2058.133,2062.875,93890
2024.01.01,00:00,2064.889,2066.307,2062.853,2063.752,2000
2024.01.02,00:00,2063.557,2078.919,2056.134,2059.589,101631
2024.01.03,00:00,2059.560,2066.019,2030.560,2042.779,120879
2024.01.04,00:00,2042.770,2050.996,2036.213,2043.977,97155
2024.01.05,00:00,2044.029,2064.024,2024.421,2045.516,128521
2024.01.07,00:00,2044.632,2045.612,2042.940,2044.245,2749
2024.01.08,00:00,2044.249,2046.628,2016.678,2030.551,115363
2024.01.09,00:00,2030.524,2042.068,2026.059,2030.513,107780
2024.01.10,00:00,2030.516,2040.337,2020.391,2026.471,102510
2024.01.11,00:00,2026.526,2048.343,2013.246,2035.067,134569
2024.01.12,00:00,2035.124,2062.322,2030.047,2049.070,119372
2024.01.14,00:00,2048.168,2048.743,2046.330,2047.624,2656
2024.01.15,00:00,2047.690,2058.663,2045.803,2053.948,73395
2024.01.16,00:00,2054.035,2054.546,2024.227,2027.942,127353
2024.01.17,00:00,2028.138,2032.973,2001.780,2009.360,121474
2024.01.18,00:00,2009.377,2024.340,2005.757,2023.536,100414
2024.01.19,00:00,2023.636,2039.266,2020.348,2029.490,91450
2024.01.21,00:00,2028.567,2028.601,2026.891,2027.541,2797
2024.01.22,00:00,2027.527,2032.111,2016.460,2020.664,95431
2024.01.23,00:00,2020.667,2037.945,2019.596,2029.249,95996
2024.01.24,00:00,2029.116,2036.705,2011.176,2016.214,105146
2024.01.25,00:00,2016.089,2025.265,2009.422,2020.361,98624
2024.01.26,00:00,2020.469,2026.876,2015.892,2018.506,84381
2024.01.28,00:00,2023.461,2028.655,2021.225,2021.869,5018
2024.01.29,00:00,2021.870,2037.599,2019.315,2030.843,89923
2024.01.30,00:00,2031.000,2048.593,2029.062,2036.344,98545
2024.01.31,00:00,2036.437,2056.007,2030.835,2039.896,126195
2024.02.01,00:00,2039.934,2065.495,2029.950,2054.739,120324
2024.02.02,00:00,2054.751,2057.660,2027.779,2039.644,108988
2024.02.04,00:00,2041.818,2042.256,2039.108,2039.753,3235
2024.02.05,00:00,2039.336,2039.860,2014.859,2024.972,98307
2024.02.06,00:00,2024.922,2038.917,2022.874,2035.182,89886
2024.02.07,00:00,2035.227,2044.553,2030.559,2036.340,83886
2024.02.08,00:00,2036.333,2038.764,2020.151,2034.236,89566
2024.02.09,00:00,2034.050,2037.212,2020.230,2024.229,82222
2024.02.11,00:00,2026.383,2026.744,2024.440,2025.301,2182
2024.02.12,00:00,2025.453,2027.608,2011.892,2018.763,77391
2024.02.13,00:00,2018.711,2032.912,1990.002,1991.305,98848
2024.02.14,00:00,1991.444,1996.076,1984.159,1993.565,91508
2024.02.15,00:00,1993.554,2008.260,1990.201,2003.270,87794
2024.02.16,00:00,2003.212,2015.168,1995.096,2013.307,89333
2024.02.18,00:00,2012.762,2019.156,1998.050,2010.696,4252
2024.02.19,00:00,2012.886,2022.994,2009.280,2016.318,63308
2024.02.20,00:00,2016.093,2030.912,2014.993,2024.240,80233
2024.02.21,00:00,2024.160,2032.287,2020.037,2025.681,82501
2024.02.22,00:00,2025.596,2034.871,2019.584,2024.789,88901
2024.02.23,00:00,2024.637,2041.381,2016.018,2035.561,84716
2024.02.25,00:00,2033.277,2034.978,2033.217,2034.261,2083
2024.02.26,00:00,2034.034,2037.057,2025.052,2031.186,79932
2024.02.27,00:00,2031.099,2039.509,2028.716,2030.202,76592
2024.02.28,00:00,2030.080,2037.962,2024.504,2034.416,77398
2024.02.29,00:00,2034.490,2050.720,2028.100,2044.094,88472
2024.03.01,00:00,2044.163,2088.350,2039.077,2083.353,98680
2024.03.03,00:00,2082.559,2086.183,2082.559,2083.477,2892
2024.03.04,00:00,2083.628,2119.922,2079.451,2114.592,99618
2024.03.05,00:00,2114.452,2141.918,2110.440,2128.275,124471
2024.03.06,00:00,2127.890,2152.272,2123.642,2147.342,119477
2024.03.07,00:00,2147.001,2164.809,2144.222,2161.577,123474
2024.03.08,00:00,2161.754,2195.190,2153.991,2178.540,136756
2024.03.10,00:00,2179.615,2183.862,2177.151,2181.604,5748
2024.03.11,00:00,2181.630,2189.049,2174.689,2183.589,102710
2024.03.12,00:00,2183.652,2184.521,2150.504,2156.953,130586
2024.03.13,00:00,2156.944,2179.837,2156.564,2175.399,101981
2024.03.14,00:00,2175.486,2177.033,2152.686,2161.657,105505
2024.03.15,00:00,2161.735,2172.750,2155.130,2155.735,95240
2024.03.17,00:00,2153.317,2156.570,2153.118,2156.554,5016
2024.03.18,00:00,2156.510,2163.650,2146.099,2161.688,93052
2024.03.19,00:00,2162.091,2162.876,2147.192,2157.047,96945
2024.03.20,00:00,2157.091,2211.275,2149.550,2203.557,130224
2024.03.21,00:00,2204.009,2212.619,2166.333,2181.528,141834
2024.03.22,00:00,2181.714,2186.079,2157.019,2165.376,111721
2024.03.24,00:00,2166.351,2168.931,2165.116,2168.374,5644
2024.03.25,00:00,2168.355,2181.304,2163.450,2172.916,102806
2024.03.26,00:00,2172.922,2200.088,2167.614,2179.504,109285
2024.03.27,00:00,2179.500,2197.623,2173.161,2191.006,107739
2024.03.28,00:00,2190.760,2236.350,2187.344,2232.636,123730
2024.03.31,00:00,2239.700,2247.396,2235.626,2244.984,10571
2024.04.01,00:00,2246.015,2265.734,2228.510,2248.973,129109
2024.04.02,00:00,2249.000,2288.367,2246.673,2280.243,151246
2024.04.03,00:00,2279.923,2302.558,2265.385,2297.486,153488
2024.04.04,00:00,2297.538,2305.580,2279.855,2288.928,143337
2024.04.05,00:00,2288.728,2330.563,2267.788,2329.393,173303
2024.04.07,00:00,2327.353,2328.601,2304.069,2311.684,19539
2024.04.08,00:00,2311.335,2354.182,2302.899,2338.825,231170
2024.04.09,00:00,2338.821,2365.378,2337.807,2354.813,184291
2024.04.10,00:00,2354.936,2360.116,2319.253,2335.467,228079
2024.04.11,00:00,2335.526,2379.503,2325.664,2377.038,178648
2024.04.12,00:00,2376.825,2431.565,2333.830,2344.420,305372
2024.04.14,00:00,2369.142,2371.957,2346.871,2364.599,11719
2024.04.15,00:00,2364.558,2392.148,2324.139,2381.872,250413
2024.04.16,00:00,2381.933,2398.318,2362.992,2382.880,237425
2024.04.17,00:00,2382.741,2395.618,2354.585,2367.875,194972
2024.04.18,00:00,2367.874,2392.843,2364.053,2380.041,167998
2024.04.19,00:00,2379.905,2417.931,2372.799,2390.714,255513
2024.04.21,00:00,2384.048,2388.626,2381.907,2386.843,9712
2024.04.22,00:00,2386.543,2386.543,2324.534,2333.492,188788
2024.04.23,00:00,2333.753,2334.414,2291.358,2323.654,218219
2024.04.24,00:00,2323.264,2337.391,2311.742,2316.029,154901
2024.04.25,00:00,2316.261,2344.909,2304.899,2330.592,173892
2024.04.26,00:00,2330.655,2352.593,2326.256,2337.800,141738
2024.04.28,00:00,2333.922,2336.866,2332.510,2336.265,6339
2024.04.29,00:00,2335.974,2346.744,2319.839,2333.139,153208
2024.04.30,00:00,2333.216,2336.150,2285.004,2290.674,156240
2024.05.01,00:00,2291.293,2328.325,2281.582,2324.400,177923
2024.05.02,00:00,2323.885,2326.508,2285.430,2303.903,147606
2024.05.03,00:00,2304.280,2320.787,2277.107,2301.946,171250
2024.05.05,00:00,2302.359,2303.326,2293.302,2294.005,7212
2024.05.06,00:00,2293.967,2332.128,2291.811,2325.980,148668
2024.05.07,00:00,2325.993,2329.963,2309.943,2315.037,116801
2024.05.08,00:00,2315.205,2321.373,2303.622,2308.923,124219
2024.05.09,00:00,2308.771,2348.362,2306.493,2346.561,132029
2024.05.10,00:00,2346.598,2378.546,2345.963,2360.584,146614
2024.05.12,00:00,2361.439,2363.126,2359.760,2360.453,5241
2024.05.13,00:00,2360.485,2364.525,2332.067,2338.463,128728
2024.05.14,00:00,2338.427,2359.653,2334.771,2355.427,131493
2024.05.15,00:00,2355.808,2391.947,2351.784,2391.632,158756
2024.05.16,00:00,2391.801,2397.392,2370.923,2378.126,139468
2024.05.17,00:00,2377.758,2422.774,2373.969,2413.982,137532
2024.05.19,00:00,2425.239,2425.239,2416.768,2420.287,10138
2024.05.20,00:00,2420.244,2450.062,2407.303,2426.329,207772
2024.05.21,00:00,2426.173,2433.980,2406.075,2421.572,171305
2024.05.22,00:00,2421.697,2426.577,2374.972,2382.008,169443
2024.05.23,00:00,2382.194,2383.723,2326.882,2331.983,191457
2024.05.24,00:00,2332.053,2347.422,2325.389,2333.951,122207
2024.05.26,00:00,2335.822,2340.716,2332.222,2337.213,6777
2024.05.27,00:00,2337.224,2358.523,2334.397,2352.410,95192
2024.05.28,00:00,2352.449,2364.115,2340.271,2359.722,145839
2024.05.29,00:00,2359.687,2361.398,2334.519,2338.401,130672
2024.05.30,00:00,2338.416,2351.885,2322.565,2343.944,155305
2024.05.31,00:00,2343.959,2359.762,2320.567,2327.228,154050
2024.06.02,00:00,2328.533,2328.798,2323.376,2325.974,6614
2024.06.03,00:00,2326.005,2354.784,2314.705,2350.667,144034
2024.06.04,00:00,2350.678,2352.837,2315.558,2328.823,147341
2024.06.05,00:00,2328.828,2357.568,2325.865,2355.049,136377
2024.06.06,00:00,2355.045,2378.560,2353.382,2376.767,137853
2024.06.07,00:00,2376.772,2387.734,2286.763,2293.839,196593
2024.06.09,00:00,2290.469,2300.078,2290.418,2298.516,7165
2024.06.10,00:00,2298.518,2313.799,2287.745,2309.984,119980
2024.06.11,00:00,2309.967,2319.988,2297.663,2315.108,132109
2024.06.12,00:00,2315.093,2341.661,2310.713,2320.587,172655
2024.06.13,00:00,2320.606,2326.793,2295.501,2302.373,145922
2024.06.14,00:00,2302.421,2336.597,2301.537,2332.864,127371
2024.06.16,00:00,2331.125,2331.519,2327.448,2328.912,4387
2024.06.17,00:00,2328.955,2328.985,2309.991,2320.682,110263
2024.06.18,00:00,2320.671,2333.117,2306.539,2328.292,119863
2024.06.19,00:00,2328.309,2335.001,2323.678,2329.380,73309
2024.06.20,00:00,2329.389,2365.537,2327.777,2360.785,127504
2024.06.21,00:00,2360.801,2368.780,2316.692,2321.540,135461
2024.06.23,00:00,2321.147,2322.231,2317.721,2319.222,5099
2024.06.24,00:00,2319.208,2334.673,2317.904,2330.914,109841
2024.06.25,00:00,2330.907,2337.123,2315.473,2320.065,117038
2024.06.26,00:00,2320.015,2323.934,2293.561,2298.438,129547
2024.06.27,00:00,2298.449,2330.973,2296.467,2327.758,116206
2024.06.28,00:00,2327.701,2339.847,2319.026,2326.675,115757
2024.06.30,00:00,2322.887,2326.195,2322.875,2324.970,4751
2024.07.01,00:00,2324.989,2338.510,2318.480,2332.259,114438
2024.07.02,00:00,2332.254,2336.817,2319.041,2330.217,111861
2024.07.03,00:00,2330.214,2364.964,2326.857,2358.737,118486
2024.07.04,00:00,2358.759,2362.572,2350.402,2356.759,71998
2024.07.05,00:00,2356.791,2392.966,2347.959,2391.595,127367
2024.07.07,00:00,2389.624,2390.216,2384.804,2386.154,5340
2024.07.08,00:00,2386.102,2391.122,2351.013,2361.747,121961
2024.07.09,00:00,2361.775,2371.613,2349.372,2365.003,121911
2024.07.10,00:00,2364.982,2386.733,2363.341,2372.889,101953
2024.07.11,00:00,2372.870,2424.575,2371.429,2415.894,156983
2024.07.12,00:00,2415.889,2418.278,2391.415,2411.437,121730
2024.07.14,00:00,2411.656,2412.276,2405.710,2408.691,6587
2024.07.15,00:00,2408.693,2439.794,2401.330,2422.529,132385
2024.07.16,00:00,2422.516,2470.000,2419.948,2468.312,148549
2024.07.17,00:00,2468.302,2483.786,2451.441,2461.330,180778
2024.07.18,00:00,2461.367,2475.000,2440.260,2441.284,145779
2024.07.19,00:00,2441.326,2441.377,2393.761,2400.485,173044
2024.07.21,00:00,2403.714,2411.965,2402.521,2411.562,7325
2024.07.22,00:00,2411.530,2412.222,2383.831,2395.817,142097
2024.07.23,00:00,2395.784,2412.018,2388.215,2408.547,130461
2024.07.24,00:00,2408.592,2431.988,2393.094,2398.703,152007
2024.07.25,00:00,2398.754,2400.019,2353.115,2363.834,220329
2024.07.26,00:00,2363.882,2390.833,2355.876,2387.148,142176
2024.07.28,00:00,2387.977,2403.215,2387.887,2397.124,11209
2024.07.29,00:00,2397.089,2402.518,2369.529,2381.177,147511
2024.07.30,00:00,2381.220,2412.912,2376.505,2409.841,150419
2024.07.31,00:00,2409.844,2450.985,2403.911,2445.777,175107
2024.08.01,00:00,2445.759,2462.314,2430.154,2445.878,204684
2024.08.02,00:00,2445.920,2477.737,2410.828,2441.926,265829
2024.08.04,00:00,2441.054,2446.351,2437.949,2440.986,13316
2024.08.05,00:00,2441.017,2458.870,2364.267,2404.871,361957
2024.08.06,00:00,2404.899,2418.405,2381.437,2383.822,233960
2024.08.07,00:00,2383.757,2407.093,2378.965,2384.825,182728
2024.08.08,00:00,2384.868,2427.852,2383.316,2424.629,182004
2024.08.09,00:00,2424.553,2437.089,2416.863,2430.839,149563
2024.08.11,00:00,2428.365,2433.274,2427.296,2427.960,6566
2024.08.12,00:00,2427.962,2476.065,2423.859,2475.568,135421
2024.08.13,00:00,2475.612,2476.995,2458.525,2464.091,143221
2024.08.14,00:00,2464.136,2480.113,2438.027,2449.440,169860
2024.08.15,00:00,2449.428,2470.126,2432.126,2457.330,165097
2024.08.16,00:00,2457.341,2509.814,2450.732,2507.852,160951
2024.08.18,00:00,2506.495,2506.812,2502.305,2506.447,7373
2024.08.19,00:00,2506.453,2507.516,2485.649,2503.578,149213
2024.08.20,00:00,2503.588,2531.701,2497.317,2512.998,163253
2024.08.21,00:00,2513.010,2519.976,2493.696,2512.817,157336
2024.08.22,00:00,2512.766,2514.735,2470.835,2487.598,159970
2024.08.23,00:00,2487.608,2518.384,2486.503,2512.391,157859
2024.08.25,00:00,2512.091,2516.707,2511.092,2515.941,7408
2024.08.26,00:00,2515.927,2527.033,2508.670,2515.535,146702
2024.08.27,00:00,2515.536,2529.067,2503.460,2525.293,154871
2024.08.28,00:00,2525.247,2525.837,2493.522,2508.134,153970
2024.08.29,00:00,2508.104,2528.693,2503.582,2519.637,154796
2024.08.30,00:00,2519.624,2526.938,2494.110,2503.366,167009
2024.09.01,00:00,2502.509,2504.784,2501.966,2503.004,5438
2024.09.02,00:00,2503.007,2507.334,2490.001,2497.266,100308
2024.09.03,00:00,2497.271,2506.271,2473.306,2493.247,190261
2024.09.04,00:00,2493.224,2500.290,2471.876,2495.853,165786
2024.09.05,00:00,2495.851,2523.598,2493.783,2517.306,168523
2024.09.06,00:00,2517.301,2529.249,2485.088,2497.579,235072
2024.09.08,00:00,2497.062,2498.300,2495.532,2496.893,6147
2024.09.09,00:00,2496.895,2507.725,2485.527,2506.837,160885
2024.09.10,00:00,2506.839,2518.873,2500.076,2518.702,148935
2024.09.11,00:00,2518.662,2529.110,2500.868,2511.917,193399
2024.09.12,00:00,2511.925,2560.115,2510.997,2558.446,193067
2024.09.13,00:00,2558.443,2586.144,2556.804,2579.091,172930
2024.09.15,00:00,2578.480,2580.478,2577.606,2579.187,7250
2024.09.16,00:00,2579.194,2589.675,2575.309,2583.683,139409
2024.09.17,00:00,2583.707,2586.980,2560.685,2574.074,164886
2024.09.18,00:00,2574.043,2600.162,2546.852,2559.263,254121
2024.09.19,00:00,2559.254,2594.987,2550.918,2587.306,208979
2024.09.20,00:00,2587.278,2625.778,2584.738,2622.122,185189
2024.09.22,00:00,2620.968,2622.143,2619.649,2620.258,5582
2024.09.23,00:00,2620.226,2634.905,2613.823,2626.324,161952
2024.09.24,00:00,2626.319,2664.390,2622.548,2658.228,201314
2024.09.25,00:00,2658.187,2670.653,2649.602,2656.260,188242
2024.09.26,00:00,2656.383,2685.635,2654.741,2672.625,223847
2024.09.27,00:00,2672.634,2674.293,2643.018,2658.007,209334
2024.09.29,00:00,2661.738,2665.130,2659.786,2663.567,9817
2024.09.30,00:00,2663.604,2666.093,2624.703,2635.658,202757
2024.10.01,00:00,2635.684,2673.246,2633.935,2660.385,202149
2024.10.02,00:00,2660.414,2663.411,2641.062,2660.352,170792
2024.10.03,00:00,2660.323,2662.992,2638.000,2655.828,184324
2024.10.04,00:00,2655.824,2670.191,2632.055,2653.543,203670
2024.10.06,00:00,2651.599,2652.421,2649.699,2650.181,6821
2024.10.07,00:00,2650.127,2659.637,2637.752,2642.968,173670
2024.10.08,00:00,2642.986,2653.036,2604.710,2621.892,241891
2024.10.09,00:00,2621.861,2624.345,2605.140,2608.500,175125
2024.10.10,00:00,2608.462,2636.056,2602.296,2633.173,198159
2024.10.11,00:00,2633.185,2661.486,2631.976,2656.888,151594
2024.10.13,00:00,2650.122,2652.496,2646.890,2648.115,9805
2024.10.14,00:00,2648.155,2666.862,2643.099,2649.381,155983
2024.10.15,00:00,2649.443,2668.954,2637.999,2660.524,174549
2024.10.16,00:00,2660.522,2685.418,2658.746,2674.111,175369
2024.10.17,00:00,2674.146,2696.812,2673.179,2693.730,191657
2024.10.18,00:00,2693.693,2722.657,2692.756,2721.802,182391
2024.10.20,00:00,2723.116,2725.169,2720.215,2723.440,7435
2024.10.21,00:00,2723.481,2740.576,2714.228,2721.507,210990
2024.10.22,00:00,2721.487,2748.932,2720.657,2746.577,170333
2024.10.23,00:00,2746.581,2758.532,2708.654,2721.282,211227
2024.10.24,00:00,2721.243,2743.232,2717.776,2733.868,178255
2024.10.25,00:00,2733.909,2747.798,2716.980,2747.047,160802
2024.10.27,00:00,2733.467,2740.200,2730.364,2735.839,12774
2024.10.28,00:00,2735.807,2745.941,2724.655,2744.451,158730
2024.10.29,00:00,2744.403,2775.416,2743.227,2774.939,180562
2024.10.30,00:00,2774.967,2790.099,2770.828,2785.514,176083
2024.10.31,00:00,2785.513,2790.090,2731.539,2746.715,197567
2024.11.01,00:00,2746.696,2762.277,2733.137,2736.714,186389
2024.11.03,00:00,2732.882,2740.358,2732.604,2738.376,5442
2024.11.04,00:00,2738.403,2748.239,2731.766,2736.025,161969
2024.11.05,00:00,2736.072,2749.925,2724.719,2745.731,157404
2024.11.06,00:00,2745.708,2749.705,2652.359,2664.072,373122
2024.11.07,00:00,2664.059,2710.341,2643.238,2706.890,239598
2024.11.08,00:00,2706.894,2710.442,2680.310,2684.782,200983
2024.11.10,00:00,2683.185,2685.674,2681.550,2685.629,3708
2024.11.11,00:00,2685.662,2686.165,2610.554,2624.062,210688
2024.11.12,00:00,2624.050,2627.186,2589.620,2598.980,233921
2024.11.13,00:00,2599.035,2618.865,2569.238,2571.013,226838
2024.11.14,00:00,2571.036,2577.471,2536.779,2566.923,243228
2024.11.15,00:00,2566.912,2576.084,2554.409,2562.993,202767
2024.11.17,00:00,2568.051,2575.547,2568.051,2571.468,5700
2024.11.18,00:00,2571.427,2615.132,2569.890,2612.728,190698
2024.11.19,00:00,2612.755,2639.497,2611.081,2635.190,199457
2024.11.20,00:00,2635.181,2655.457,2618.888,2652.148,172819
2024.11.21,00:00,2652.177,2673.546,2650.349,2669.183,179659
2024.11.22,00:00,2669.151,2715.682,2668.877,2715.597,214283
2024.11.24,00:00,2711.210,2721.429,2710.772,2719.780,8450
2024.11.25,00:00,2719.743,2720.160,2605.136,2610.485,324775
2024.11.26,00:00,2610.551,2642.017,2608.475,2632.278,231755
2024.11.27,00:00,2632.277,2658.230,2627.041,2637.192,182316
2024.11.28,00:00,2637.087,2649.698,2620.868,2638.791,122218
2024.11.29,00:00,2638.750,2666.407,2633.993,2655.254,154260
2024.12.01,00:00,2649.078,2650.348,2643.077,2645.683,5595
2024.12.02,00:00,2645.780,2651.818,2621.862,2642.235,226393
2024.12.03,00:00,2642.252,2655.689,2634.057,2642.745,183276
2024.12.04,00:00,2642.749,2657.208,2632.354,2650.421,188227
2024.12.05,00:00,2650.428,2655.545,2623.468,2633.737,173688
2024.12.06,00:00,2633.745,2645.757,2612.955,2632.992,204995
2024.12.08,00:00,2642.986,2648.548,2636.340,2640.088,8039
2024.12.09,00:00,2640.044,2676.469,2627.485,2660.473,196917
2024.12.10,00:00,2660.513,2698.402,2657.982,2696.010,180703
2024.12.11,00:00,2695.935,2721.077,2675.590,2719.946,185389
2024.12.12,00:00,2720.008,2726.230,2675.101,2680.647,73746
2024.12.13,00:00,2680.641,2692.802,2646.070,2648.416,70296
2024.12.15,00:00,2649.438,2653.151,2648.817,2651.503,1931
2024.12.16,00:00,2651.508,2664.471,2643.544,2651.768,118315
2024.12.17,00:00,2651.786,2658.663,2632.990,2647.402,161353
2024.12.18,00:00,2647.389,2651.770,2583.429,2588.249,184630
2024.12.19,00:00,2588.280,2626.454,2586.975,2593.543,208726
2024.12.20,00:00,2593.520,2631.899,2589.617,2622.667,178605
2024.12.22,00:00,2623.353,2624.931,2621.755,2624.317,1854
2024.12.23,00:00,2624.423,2633.283,2608.141,2615.516,123844
2024.12.24,00:00,2615.570,2621.496,2610.043,2616.737,100818
2024.12.25,00:00,2615.645,2620.139,2615.395,2618.680,2406
2024.12.26,00:00,2618.671,2639.201,2618.635,2632.708,118027
2024.12.27,00:00,2632.713,2638.338,2611.603,2621.647,135506
2024.12.29,00:00,2622.001,2626.183,2621.656,2624.059,4006
2024.12.30,00:00,2624.104,2628.135,2596.072,2606.701,141286
2024.12.31,00:00,2606.741,2627.565,2602.615,2624.405,122232
2025.01.01,00:00,2625.203,2625.863,2621.693,2623.790,3102
2025.01.02,00:00,2623.822,2660.487,2622.778,2658.351,161213
2025.01.03,00:00,2658.352,2665.277,2636.647,2640.394,133449
2025.01.05,00:00,2639.668,2642.422,2639.668,2641.087,3231
2025.01.06,00:00,2641.122,2649.539,2614.447,2634.700,194745
2025.01.07,00:00,2634.649,2664.288,2632.942,2649.831,170814
2025.01.08,00:00,2649.841,2670.077,2645.226,2662.531,162458
2025.01.09,00:00,2662.550,2678.358,2655.461,2669.975,135899
2025.01.10,00:00,2669.982,2698.050,2664.018,2689.613,273836
2025.01.12,00:00,2689.793,2691.397,2687.602,2691.129,5105
2025.01.13,00:00,2691.152,2693.392,2656.792,2668.082,263562
2025.01.14,00:00,2668.000,2678.300,2659.797,2675.613,201595
2025.01.15,00:00,2675.604,2698.030,2669.415,2694.987,219178
2025.01.16,00:00,2695.004,2724.759,2689.931,2714.602,245017
2025.01.17,00:00,2714.648,2717.370,2699.266,2702.903,165087
2025.01.19,00:00,2702.653,2703.108,2691.554,2696.448,4800
2025.01.20,00:00,2696.418,2713.790,2689.379,2710.469,143506
2025.01.21,00:00,2710.457,2745.987,2702.821,2744.283,169629
2025.01.22,00:00,2744.333,2763.485,2742.737,2755.607,221016
2025.01.23,00:00,2755.587,2758.986,2735.857,2754.567,234974
2025.01.24,00:00,2754.570,2786.037,2754.353,2771.103,222072
2025.01.26,00:00,2765.674,2769.745,2765.209,2767.577,8216
2025.01.27,00:00,2767.578,2772.565,2730.476,2741.734,279541
2025.01.28,00:00,2741.767,2765.093,2734.790,2762.744,204847
2025.01.29,00:00,2762.738,2766.295,2744.778,2760.313,225531
2025.01.30,00:00,2760.253,2798.529,2758.657,2796.170,234271
2025.01.31,00:00,2796.207,2817.268,2791.049,2799.372,294389
2025.02.02,00:00,2801.042,2804.677,2784.312,2793.733,36931
2025.02.03,00:00,2793.750,2830.661,2772.177,2814.051,392034
2025.02.04,00:00,2814.013,2845.532,2807.220,2841.234,311796
2025.02.05,00:00,2841.288,2882.472,2839.704,2869.307,290306
2025.02.06,00:00,2869.300,2873.355,2834.075,2858.020,289384
2025.02.07,00:00,2858.014,2886.796,2852.473,2861.034,273042
2025.02.09,00:00,2861.293,2870.614,2860.160,2867.519,7914
2025.02.10,00:00,2867.563,2921.699,2865.854,2917.871,259218
2025.02.11,00:00,2917.918,2942.706,2881.775,2898.560,361084
2025.02.12,00:00,2898.586,2909.291,2864.131,2905.805,269370
2025.02.13,00:00,2905.780,2932.508,2901.461,2931.241,227947
2025.02.14,00:00,2931.216,2940.029,2877.015,2882.796,290147
2025.02.16,00:00,2893.667,2894.057,2878.454,2879.245,15842
2025.02.17,00:00,2879.278,2906.479,2879.278,2899.397,173730
2025.02.18,00:00,2899.349,2937.018,2892.027,2934.085,167205
2025.02.19,00:00,2934.083,2947.065,2918.548,2935.408,195536
2025.02.20,00:00,2935.410,2954.999,2924.138,2941.554,194097
2025.02.21,00:00,2941.594,2949.765,2916.706,2936.477,200743
2025.02.23,00:00,2939.435,2940.557,2936.522,2936.891,6017
2025.02.24,00:00,2936.887,2956.253,2921.340,2950.020,209750
2025.02.25,00:00,2949.981,2952.576,2888.253,2918.628,244623
2025.02.26,00:00,2918.655,2930.186,2890.693,2919.142,192360
2025.02.27,00:00,2919.199,2919.199,2867.745,2876.087,265875
2025.02.28,00:00,2876.093,2885.058,2832.602,2858.266,244453
2025.03.02,00:00,2873.580,2877.008,2863.992,2870.823,14000
2025.03.03,00:00,2870.890,2895.291,2858.854,2890.910,205245
2025.03.04,00:00,2890.887,2927.915,2881.902,2914.387,222929
2025.03.05,00:00,2914.390,2930.066,2894.327,2918.260,264707
2025.03.06,00:00,2918.261,2926.608,2891.183,2910.378,232861
2025.03.07,00:00,2910.322,2930.549,2896.693,2911.280,272691
2025.03.09,00:00,2912.371,2917.049,2909.632,2916.213,10288
2025.03.10,00:00,2916.214,2918.336,2880.190,2884.709,259758
2025.03.11,00:00,2884.748,2922.286,2880.189,2915.575,190949
2025.03.12,00:00,2915.613,2940.641,2905.994,2938.063,201862
2025.03.13,00:00,2938.049,2989.967,2932.944,2986.459,207903
2025.03.14,00:00,2986.497,3004.943,2978.420,2986.394,200198
2025.03.16,00:00,2987.625,2994.142,2986.078,2990.085,7859
2025.03.17,00:00,2989.989,3002.807,2982.182,2999.855,149482
2025.03.18,00:00,2999.827,3038.358,2999.514,3031.798,178158
2025.03.19,00:00,3031.825,3052.006,3022.762,3050.050,176786
2025.03.20,00:00,3050.047,3057.508,3025.660,3046.433,193191
2025.03.21,00:00,3046.359,3047.459,2999.409,3023.517,193556
2025.03.23,00:00,3023.465,3026.348,3022.167,3024.745,6786
2025.03.24,00:00,3024.733,3033.232,3002.490,3009.934,176487
2025.03.25,00:00,3009.969,3036.011,3007.547,3021.065,148129
2025.03.26,00:00,3021.061,3032.066,3012.349,3021.647,154082
2025.03.27,00:00,3021.587,3059.909,3021.546,3055.734,208940
2025.03.28,00:00,3055.750,3086.790,3055.017,3085.026,213757
2025.03.30,00:00,3092.555,3097.885,3087.817,3089.237,13203
2025.03.31,00:00,3089.183,3128.189,3076.865,3120.605,276527
2025.04.01,00:00,3120.585,3149.083,3100.785,3115.192,272465
2025.04.02,00:00,3115.184,3167.816,3104.766,3162.736,319442
2025.04.03,00:00,3162.574,3164.805,3054.076,3112.908,497960
2025.04.04,00:00,3112.932,3136.780,3015.617,3038.542,516456
2025.04.06,00:00,3028.710,3032.469,2977.048,2999.968,46384
2025.04.07,00:00,2999.978,3055.840,2956.398,2981.352,685372
2025.04.08,00:00,2981.387,3022.770,2970.002,2978.345,332798
2025.04.09,00:00,2978.391,3099.697,2972.492,3086.808,457797
2025.04.10,00:00,3086.769,3191.365,3078.457,3188.996,358851
2025.04.11,00:00,3189.017,3245.460,3184.807,3237.555,383282
2025.04.13,00:00,3220.496,3224.822,3213.625,3223.757,19645
2025.04.14,00:00,3223.723,3245.781,3193.576,3212.650,266525
2025.04.15,00:00,3212.625,3251.850,3210.026,3251.804,184878
2025.04.16,00:00,3251.828,3357.762,3251.614,3350.157,295387
2025.04.17,00:00,3350.192,3356.340,3283.851,3327.695,308765
2025.04.20,00:00,3331.873,3353.151,3331.336,3348.102,23641
2025.04.21,00:00,3348.143,3444.281,3347.511,3434.572,296446
2025.04.22,00:00,3434.548,3500.057,3315.852,3336.585,546870
2025.04.23,00:00,3336.631,3386.668,3260.066,3316.408,494464
2025.04.24,00:00,3316.375,3370.813,3306.763,3349.000,350387
2025.04.25,00:00,3348.972,3363.178,3265.024,3318.822,320949
2025.04.27,00:00,3325.664,3330.239,3298.630,3302.763,25666
2025.04.28,00:00,3302.769,3353.029,3268.071,3337.706,306728
2025.04.29,00:00,3337.667,3340.085,3299.673,3317.146,257178
2025.04.30,00:00,3317.185,3328.006,3266.925,3272.911,297365
2025.05.01,00:00,3272.946,3276.353,3201.886,3237.277,318355
2025.05.02,00:00,3237.315,3269.266,3222.745,3240.971,280149
2025.05.04,00:00,3238.514,3252.324,3237.586,3247.946,17228
2025.05.05,00:00,3247.993,3338.043,3241.204,3334.055,262999
2025.05.06,00:00,3334.062,3435.040,3323.163,3400.704,375590
2025.05.07,00:00,3400.747,3401.690,3360.092,3376.512,356647
2025.05.08,00:00,3376.539,3414.875,3288.721,3316.436,386762
2025.05.09,00:00,3316.472,3347.580,3274.688,3326.829,269825
2025.05.11,00:00,3282.279,3292.624,3265.871,3287.585,32299
2025.05.12,00:00,3287.530,3290.050,3207.717,3236.882,398275
2025.05.13,00:00,3236.930,3265.683,3215.914,3254.434,262708
2025.05.14,00:00,3254.412,3254.682,3167.957,3186.151,311884
2025.05.15,00:00,3186.035,3252.129,3120.674,3237.174,310506
2025.05.16,00:00,3237.199,3244.636,3154.313,3202.241,312824
2025.05.18,00:00,3214.250,3245.276,3211.737,3234.934,28602
2025.05.19,00:00,3234.971,3249.836,3206.608,3222.556,266766
2025.05.20,00:00,3222.585,3304.096,3204.545,3290.719,274567
2025.05.21,00:00,3290.758,3324.921,3285.444,3320.109,284074
2025.05.22,00:00,3320.145,3345.496,3279.276,3300.170,302560
2025.05.23,00:00,3300.196,3365.949,3286.966,3356.297,303118
2025.05.25,00:00,3352.118,3352.504,3341.387,3342.715,22870
2025.05.26,00:00,3342.682,3356.883,3323.509,3346.163,165072
2025.05.27,00:00,3346.206,3350.053,3285.113,3309.459,249219
2025.05.28,00:00,3309.455,3325.580,3250.297,3259.919,245179
2025.05.29,00:00,3259.945,3331.249,3245.456,3315.527,268103
2025.05.30,00:00,3315.522,3322.766,3271.550,3289.689,264212
2025.06.01,00:00,3303.137,3316.766,3299.897,3310.279,17003
2025.06.02,00:00,3310.237,3392.262,3301.433,3387.480,234333
2025.06.03,00:00,3387.431,3388.711,3333.104,3360.020,224657
2025.06.04,00:00,3359.967,3384.733,3343.744,3378.066,217731
2025.06.05,00:00,3378.123,3403.616,3339.394,3361.834,318888
2025.06.06,00:00,3361.891,3375.709,3307.077,3311.726,266382
2025.06.08,00:00,3317.842,3321.239,3309.264,3318.062,14520
2025.06.09,00:00,3318.106,3338.264,3293.452,3326.790,199721
2025.06.10,00:00,3326.833,3349.177,3301.941,3327.886,228042
2025.06.11,00:00,3327.960,3373.528,3319.244,3365.400,271102
2025.06.12,00:00,3365.429,3399.069,3338.560,3395.906,279754
2025.06.13,00:00,3395.861,3446.843,3391.717,3433.473,340622
2025.06.15,00:00,3440.991,3451.275,3438.615,3444.165,24929
2025.06.16,00:00,3444.190,3451.248,3382.749,3402.793,275317
2025.06.17,00:00,3402.839,3403.280,3366.103,3387.416,266966
2025.06.18,00:00,3387.319,3400.078,3362.498,3375.047,245161
2025.06.19,00:00,3375.066,3387.992,3347.480,3368.763,184326
2025.06.20,00:00,3368.787,3374.501,3340.369,3368.570,185370
2025.06.22,00:00,3384.141,3388.984,3371.197,3372.779,26313
2025.06.23,00:00,3372.800,3393.589,3341.483,3344.259,254680
2025.06.24,00:00,3344.294,3357.936,3295.363,3324.166,255749
2025.06.25,00:00,3324.163,3340.254,3311.918,3339.052,159529
2025.06.26,00:00,3339.011,3350.394,3309.971,3318.782,197528
2025.06.27,00:00,3318.791,3322.036,3255.850,3274.550,241425
2025.06.29,00:00,3272.512,3274.273,3247.945,3263.830,27893
2025.06.30,00:00,3263.799,3314.626,3259.480,3312.465,184643
2025.07.01,00:00,3312.517,3358.039,3309.941,3338.176,187335
2025.07.02,00:00,3338.210,3365.750,3327.611,3349.419,176029
2025.07.03,00:00,3349.444,3363.701,3311.559,3330.895,180088
2025.07.04,00:00,3330.899,3345.151,3325.891,3335.022,96850
2025.07.06,00:00,3341.432,3341.942,3326.211,3328.877,11989
2025.07.07,00:00,3328.854,3345.847,3296.320,3334.677,206049
2025.07.08,00:00,3334.721,3339.524,3287.047,3302.301,195647
2025.07.09,00:00,3302.346,3321.200,3282.680,3317.664,178774
2025.07.10,00:00,3317.583,3330.342,3310.041,3323.832,159010
2025.07.11,00:00,3323.788,3368.760,3323.662,3355.129,186900
2025.07.13,00:00,3361.319,3374.041,3359.682,3367.796,17906
2025.07.14,00:00,3367.755,3375.102,3340.978,3345.361,170228
2025.07.15,00:00,3345.323,3366.380,3320.242,3331.080,176846
2025.07.16,00:00,3331.116,3377.547,3319.553,3346.550,240515
2025.07.17,00:00,3346.580,3347.429,3309.907,3340.200,165110
2025.07.18,00:00,3340.238,3361.251,3331.825,3350.419,137576
2025.07.20,00:00,3348.791,3350.139,3345.039,3349.152,7786
2025.07.21,00:00,3349.192,3402.807,3347.680,3396.556,159205
2025.07.22,00:00,3396.564,3433.531,3383.264,3427.482,181965
2025.07.23,00:00,3427.457,3439.004,3381.426,3390.032,207442
2025.07.24,00:00,3390.085,3393.462,3351.339,3369.443,177092
2025.07.25,00:00,3369.446,3373.602,3324.952,3336.850,151187
2025.07.27,00:00,3329.168,3337.489,3323.841,3333.707,15939
2025.07.28,00:00,3333.699,3345.376,3301.794,3312.492,173217
2025.07.29,00:00,3312.509,3334.166,3307.867,3327.554,171986
2025.07.30,00:00,3327.592,3334.076,3268.058,3285.327,217509
2025.07.31,00:00,3285.281,3314.855,3282.826,3288.675,190016
2025.08.01,00:00,3288.631,3363.590,3281.590,3363.143,223262
2025.08.03,00:00,3364.363,3364.587,3354.550,3361.981,12393
2025.08.04,00:00,3362.014,3385.378,3345.030,3377.431,153063
2025.08.05,00:00,3377.407,3390.426,3349.827,3383.175,149138
2025.08.06,00:00,3383.245,3385.364,3358.115,3370.179,144845
2025.08.07,00:00,3370.229,3409.014,3365.246,3400.494,257918
2025.08.08,00:00,3400.456,3404.295,3376.481,3398.588,357875
2025.08.10,00:00,3400.602,3401.843,3390.316,3391.572,14051
2025.08.11,00:00,3391.616,3391.663,3341.297,3349.051,216151
2025.08.12,00:00,3349.034,3359.278,3331.104,3350.594,206798
2025.08.13,00:00,3350.604,3370.759,3342.702,3362.726,143287
2025.08.14,00:00,3362.772,3374.909,3329.790,3335.575,190502
2025.08.15,00:00,3335.604,3348.771,3332.396,3335.237,137351
2025.08.17,00:00,3334.593,3335.405,3323.527,3327.111,10047
2025.08.18,00:00,3327.104,3358.441,3326.797,3331.002,131663
2025.08.19,00:00,3331.014,3345.352,3312.795,3314.255,142940
2025.08.20,00:00,3314.265,3352.116,3311.500,3346.860,133327
2025.08.21,00:00,3346.930,3348.105,3325.150,3338.435,134161
2025.08.22,00:00,3338.391,3378.893,3321.474,3372.323,158025
2025.08.24,00:00,3368.768,3371.076,3365.886,3369.019,7164
2025.08.25,00:00,3369.104,3376.330,3351.740,3354.878,109230
2025.08.26,00:00,3354.851,3393.607,3351.276,3390.886,161142
2025.08.27,00:00,3390.877,3399.526,3373.722,3395.843,132546
2025.08.28,00:00,3395.786,3423.236,3384.627,3414.843,139341
2025.08.29,00:00,3414.874,3453.948,3404.337,3448.059,137935
2025.08.31,00:00,3445.890,3452.630,3442.483,3447.976,9764
2025.09.01,00:00,3447.936,3489.952,3437.052,3479.235,164542
2025.09.02,00:00,3479.154,3540.118,3470.218,3530.008,247047
2025.09.03,00:00,3530.106,3578.451,3526.838,3560.316,236072
2025.09.04,00:00,3560.365,3563.497,3511.196,3552.564,233632
2025.09.05,00:00,3552.556,3600.100,3544.745,3586.621,237682
2025.09.07,00:00,3591.880,3596.740,3587.136,3591.175,23690
2025.09.08,00:00,3591.197,3646.340,3579.585,3635.016,215894
2025.09.09,00:00,3635.047,3674.559,3623.158,3633.592,271087
2025.09.10,00:00,3633.567,3657.646,3620.204,3644.907,193494
2025.09.11,00:00,3644.940,3649.152,3613.106,3631.866,208750
2025.09.12,00:00,3631.834,3656.644,3630.550,3643.508,160511
2025.09.14,00:00,3644.634,3646.068,3636.796,3638.265,7083
2025.09.15,00:00,3638.261,3685.647,3626.565,3676.988,172738
2025.09.16,00:00,3676.910,3703.097,3674.720,3694.269,179991
2025.09.17,00:00,3694.268,3707.514,3646.121,3669.193,284108
2025.09.18,00:00,3669.155,3673.045,3627.796,3640.263,242923
2025.09.19,00:00,3640.266,3685.227,3632.227,3684.885,189595
2025.09.21,00:00,3687.993,3692.314,3683.800,3686.277,11982
2025.09.22,00:00,3686.287,3749.278,3685.490,3747.787,221375
2025.09.23,00:00,3747.821,3791.108,3736.746,3763.860,278596
2025.09.24,00:00,3763.846,3779.281,3717.451,3742.944,232432
2025.09.25,00:00,3743.014,3761.672,3721.955,3744.741,283980
2025.09.26,00:00,3744.700,3783.849,3734.488,3761.065,234768
2025.09.28,00:00,3764.742,3772.519,3763.371,3766.923,12893
2025.09.29,00:00,3766.882,3834.024,3763.959,3832.859,317852
2025.09.30,00:00,3832.914,3871.724,3793.137,3862.951,357541
2025.10.01,00:00,3862.964,3895.345,3853.358,3863.542,322166
2025.10.02,00:00,3863.499,3897.178,3819.359,3862.434,313969
2025.10.03,00:00,3862.389,3891.695,3838.043,3887.069,266415
2025.10.05,00:00,3888.648,3921.010,3884.058,3909.474,35171
2025.10.06,00:00,3909.511,3976.222,3898.961,3969.538,377623
2025.10.07,00:00,3969.580,3995.960,3940.844,3994.435,347184
2025.10.08,00:00,3994.391,4059.345,3984.502,4011.711,367676
2025.10.09,00:00,4011.730,4057.996,3944.620,3989.956,549651
2025.10.10,00:00,3989.951,4022.849,3946.972,4010.423,516633
2025.10.12,00:00,4014.487,4060.217,4008.669,4035.171,49647
2025.10.13,00:00,4035.219,4132.069,4024.382,4128.069,409396
2025.10.14,00:00,4128.115,4179.743,4090.627,4161.633,643554
2025.10.15,00:00,4161.598,4218.245,4153.828,4209.482,458442
2025.10.16,00:00,4209.587,4380.098,4203.570,4365.829,520921
2025.10.17,00:00,4365.787,4378.578,4186.196,4250.960,984160
2025.10.19,00:00,4264.653,4268.349,4233.270,4237.889,41017
2025.10.20,00:00,4237.863,4381.596,4218.955,4360.466,588438
2025.10.21,00:00,4360.429,4372.320,4080.841,4093.159,905834
2025.10.22,00:00,4093.206,4161.384,4004.209,4087.759,1005840
2025.10.23,00:00,4087.663,4154.708,4065.981,4121.727,534526
2025.10.24,00:00,4121.771,4144.321,4044.002,4113.106,510001
2025.10.26,00:00,4083.596,4109.217,4061.936,4064.482,50202
2025.10.27,00:00,4064.556,4097.805,3971.372,3998.482,569737
2025.10.28,00:00,3998.403,4019.791,3886.614,3964.845,559289
2025.10.29,00:00,3964.874,4030.292,3917.187,3952.903,548935
2025.10.30,00:00,3952.822,4046.446,3915.325,4036.682,538784
2025.10.31,00:00,4036.657,4039.314,3972.430,4001.645,446656
2025.11.02,00:00,3990.743,3998.968,3977.937,3979.821,17544
2025.11.03,00:00,3979.752,4030.670,3962.330,3997.247,412319
2025.11.04,00:00,3997.325,4000.735,3928.834,3934.791,415198
2025.11.05,00:00,3934.817,3990.567,3929.622,3973.695,312347
2025.11.06,00:00,3973.654,4019.633,3964.567,3989.201,302529
2025.11.07,00:00,3989.237,4027.652,3984.082,4001.446,298517
2025.11.09,00:00,4004.900,4012.289,4004.063,4011.884,11871
2025.11.10,00:00,4011.894,4122.717,4011.156,4119.979,319840
2025.11.11,00:00,4120.016,4148.886,4097.131,4142.663,304485
2025.11.12,00:00,4142.670,4211.847,4098.953,4191.121,399478
2025.11.13,00:00,4191.079,4245.356,4145.393,4185.923,501763
2025.11.14,00:00,4185.932,4211.595,4032.221,4084.644,570247
2025.11.16,00:00,4083.779,4106.833,4072.083,4096.481,23013
2025.11.17,00:00,4096.552,4102.126,4006.851,4036.849,495908
2025.11.18,00:00,4036.886,4082.297,3998.061,4076.716,477071
2025.11.19,00:00,4076.830,4132.710,4055.596,4104.686,494792
2025.11.20,00:00,4104.716,4110.365,4038.710,4079.211,601843
2025.11.21,00:00,4079.271,4101.284,4022.282,4066.137,548168
2025.11.23,00:00,4072.493,4077.719,4065.839,4075.141,14670
2025.11.24,00:00,4075.172,4144.435,4039.866,4143.834,376129
2025.11.25,00:00,4143.826,4159.522,4109.180,4133.754,427986
2025.11.26,00:00,4133.833,4173.619,4132.619,4165.036,343203
2025.11.27,00:00,4164.989,4167.337,4142.625,4163.455,206880
2025.11.28,00:00,4163.395,4226.503,4147.816,4219.202,232499
2025.11.30,00:00,4219.911,4225.307,4205.849,4221.957,15793
2025.12.01,00:00,4221.930,4264.586,4215.458,4227.674,428149
2025.12.02,00:00,4227.703,4230.883,4163.575,4212.900,428134
2025.12.03,00:00,4212.937,4241.603,4194.504,4207.189,388110
2025.12.04,00:00,4207.126,4219.510,4174.858,4206.103,353328
2025.12.05,00:00,4206.101,4259.264,4191.887,4198.546,356501
2025.12.07,00:00,4202.486,4208.875,4190.061,4201.413,2185
2025.12.08,00:00,4201.457,4218.987,4176.161,4194.759,267295
2025.12.09,00:00,4194.764,4221.550,4170.121,4210.894,334873
2025.12.10,00:00,4210.828,4238.747,4181.710,4232.494,369314
2025.12.11,00:00,4232.483,4285.983,4204.268,4276.547,581321
2025.12.12,00:00,4276.495,4353.594,4256.982,4301.007,506388
2025.12.14,00:00,4300.549,4308.470,4299.883,4302.436,9952
2025.12.15,00:00,4302.455,4350.376,4285.204,4304.174,360531
2025.12.16,00:00,4304.154,4335.161,4271.597,4307.884,395293
2025.12.17,00:00,4307.928,4349.321,4306.477,4339.225,390574
2025.12.18,00:00,4339.174,4374.669,4308.678,4335.168,415876
2025.12.19,00:00,4335.194,4356.583,4309.245,4339.389,309618
2025.12.21,00:00,4340.931,4356.465,4339.968,4355.397,8010
2025.12.22,00:00,4355.338,4461.775,4355.338,4460.267,302106
2025.12.23,00:00,4460.260,4510.362,4430.578,4503.368,370364
2025.12.24,00:00,4503.383,4526.011,4448.318,4480.739,348064
2025.12.25,00:00,4486.217,4500.060,4484.494,4495.269,9633
2025.12.26,00:00,4495.196,4550.248,4492.278,4532.578,415146
2025.12.28,00:00,4546.238,4548.524,4523.383,4527.208,25376
2025.12.29,00:00,4527.234,4528.032,4302.161,4345.669,687135
2025.12.30,00:00,4345.593,4404.286,4324.390,4338.946,465693
2025.12.31,00:00,4339.001,4373.457,4274.403,4318.872,443363
2026.01.01,00:00,4328.345,4351.573,4327.683,4348.349,8187
2026.01.02,00:00,4348.382,4402.432,4309.693,4331.783,383079
2026.01.04,00:00,4353.510,4375.972,4349.854,4372.594,15700
2026.01.05,00:00,4372.621,4460.342,4370.251,4440.358,451647
2026.01.06,00:00,4440.423,4500.565,4427.699,4493.285,379950
2026.01.07,00:00,4493.332,4495.940,4423.587,4463.442,435587
2026.01.08,00:00,4463.407,4484.229,4407.581,4475.621,420233
2026.01.09,00:00,4475.656,4517.204,4452.843,4509.099,374466
2026.01.11,00:00,4517.942,4545.034,4517.942,4539.984,13223
2026.01.12,00:00,4540.039,4630.148,4536.269,4599.432,487558
2026.01.13,00:00,4599.494,4634.755,4569.258,4597.160,419790
2026.01.14,00:00,4597.205,4643.213,4597.164,4615.318,458901
2026.01.15,00:00,4615.290,4624.926,4581.019,4610.308,443007
2026.01.16,00:00,4610.339,4620.541,4536.753,4596.612,438160
2026.01.18,00:00,4655.382,4690.765,4653.848,4672.597,25550
2026.01.19,00:00,4672.654,4682.138,4653.162,4665.381,260256
2026.01.20,00:00,4665.395,4781.107,4659.489,4775.902,448365
2026.01.21,00:00,4775.853,4888.519,4755.906,4778.394,730595
2026.01.22,00:00,4778.272,4960.614,4772.232,4958.996,461516
2026.01.23,00:00,4959.035,4989.791,4899.566,4988.361,467269
2026.01.25,00:00,5019.871,5040.320,5003.599,5039.813,30689
2026.01.26,00:00,5039.845,5111.197,4989.656,5043.653,848572
2026.01.27,00:00,5043.612,5190.514,5013.509,5172.457,768895
2026.01.28,00:00,5172.413,5570.054,5157.083,5513.013,1051249
2026.01.29,00:00,5513.122,5595.378,5095.062,5438.613,1285834
2026.01.30,00:00,5438.575,5450.941,4682.723,4891.520,2316389
2026.02.01,00:00,4793.603,4819.812,4697.936,4741.575,41018
2026.02.02,00:00,4741.766,4884.911,4402.089,4774.202,1431532
2026.02.03,00:00,4774.289,4993.790,4745.528,4947.231,747271
2026.02.04,00:00,4947.443,5091.926,4852.112,5012.305,566642
2026.02.05,00:00,5012.226,5020.494,4703.376,4703.754,828015
2026.02.06,00:00,4703.706,4971.407,4655.199,4968.279,472413
2026.02.08,00:00,4967.823,5046.987,4964.705,5036.010,13960
2026.02.09,00:00,5036.085,5086.763,4969.170,5031.969,315100
2026.02.10,00:00,5031.895,5078.625,4998.842,5041.598,297271
2026.02.11,00:00,5041.664,5119.305,5018.860,5061.463,287869
2026.02.12,00:00,5061.371,5083.711,4878.455,4920.178,393735
2026.02.13,00:00,4920.093,5046.185,4913.732,5042.689,298784
2026.02.15,00:00,5026.880,5032.223,5010.368,5019.929,10049
2026.02.16,00:00,5019.913,5031.573,4964.536,4990.037,144441
2026.02.17,00:00,4989.877,4991.634,4841.119,4859.577,324619
2026.02.18,00:00,4859.263,5011.101,4858.434,4976.229,190871
2026.02.19,00:00,4976.004,5022.416,4960.474,4987.826,185731
2026.02.20,00:00,4987.645,5108.260,4981.638,5105.842,257891
2026.02.22,00:00,5111.849,5171.979,5108.773,5165.484,11053
2026.02.23,00:00,5165.477,5249.655,5122.133,5236.044,237710
2026.02.24,00:00,5235.950,5238.083,5093.392,5146.632,271833
2026.02.25,00:00,5146.630,5217.655,5136.363,5163.330,213704
2026.02.26,00:00,5163.408,5205.838,5130.458,5184.504,243705
2026.02.27,00:00,5184.473,5281.438,5166.821,5279.234,224800
2026.03.01,00:00,5319.242,5393.375,5314.714,5387.129,16645
2026.03.02,00:00,5386.629,5419.367,5260.212,5345.721,428175
2026.03.03,00:00,5345.726,5379.913,4995.802,5125.089,690325
2026.03.04,00:00,5125.121,5206.150,5105.733,5164.995,406620
2026.03.05,00:00,5164.920,5194.950,5050.714,5086.377,354434
2026.03.06,00:00,5085.966,5176.778,5062.553,5174.279,302563
2026.03.08,00:00,5179.007,5180.077,5044.189,5075.458,41990
2026.03.09,00:00,5075.763,5156.059,5014.457,5139.812,358251
2026.03.10,00:00,5139.346,5238.619,5124.487,5196.884,248701
2026.03.11,00:00,5196.958,5223.124,5129.737,5134.333,209532
2026.03.12,00:00,5134.191,5191.801,5054.784,5098.274,227061
2026.03.13,00:00,5098.200,5128.449,5009.630,5020.758,233913
2026.03.15,00:00,5017.082,5030.620,4966.784,4997.549,24402
2026.03.16,00:00,4997.476,5038.178,4970.044,5012.862,244087
2026.03.17,00:00,5012.962,5044.585,4973.378,5002.799,192843
2026.03.18,00:00,5002.852,5016.318,4804.340,4836.801,301159
2026.03.19,00:00,4836.692,4866.955,4502.558,4643.766,627828
2026.03.20,00:00,4643.694,4735.879,4477.106,4497.528,758915
2026.03.22,00:00,4477.964,4536.337,4449.247,4464.887,50931
2026.03.23,00:00,4464.586,4512.932,4098.402,4441.310,2177011
2026.03.24,00:00,4440.913,4551.545,4305.619,4546.849,1203142
2026.03.25,00:00,4546.841,4602.597,4486.854,4498.152,728876
2026.03.26,00:00,4498.470,4544.630,4350.967,4404.960,953076
2026.03.27,00:00,4405.007,4555.538,4375.257,4495.488,520560
2026.03.29,00:00,4511.674,4514.331,4443.798,4448.629,34823
2026.03.30,00:00,4448.557,4580.865,4418.473,4513.620,470213
2026.03.31,00:00,4513.551,4700.124,4482.532,4696.483,503278
2026.04.01,00:00,4696.425,4800.399,4666.983,4784.212,392473
2026.04.02,00:00,4784.283,4798.946,4553.884,4675.387,643344
2026.04.05,00:00,4662.998,4662.998,4605.111,4610.716,32367
2026.04.06,00:00,4610.748,4706.779,4600.632,4658.665,319781
2026.04.07,00:00,4659.018,4836.461,4607.295,4833.214,537398
2026.04.08,00:00,4833.301,4857.494,4699.525,4715.569,423496
2026.04.09,00:00,4715.639,4801.313,4698.555,4763.640,313418
2026.04.10,00:00,4763.703,4795.223,4730.634,4749.509,250550
2026.04.12,00:00,4670.286,4685.186,4644.076,4671.414,23932
2026.04.13,00:00,4671.229,4766.087,4664.533,4757.365,300339
2026.04.14,00:00,4757.741,4850.712,4751.532,4836.943,245409
2026.04.15,00:00,4837.000,4871.389,4786.103,4823.614,254608
2026.04.16,00:00,4823.465,4838.492,4772.888,4791.693,239891
2026.04.17,00:00,4791.601,4889.956,4767.476,4832.687,268856
2026.04.19,00:00,4774.693,4795.423,4736.790,4755.256,24450
2026.04.20,00:00,4755.456,4833.079,4745.062,4821.598,257777
2026.04.21,00:00,4821.660,4830.565,4668.194,4737.858,346041
2026.04.22,00:00,4738.114,4772.419,4723.466,4728.002,210524
2026.04.23,00:00,4728.068,4753.875,4664.124,4695.273,355671
2026.04.24,00:00,4695.200,4740.390,4657.623,4708.520,257907
2026.04.26,00:00,4696.179,4699.938,4674.888,4680.117,12009
2026.04.27,00:00,4680.181,4730.187,4667.048,4692.098,207370
2026.04.28,00:00,4692.160,4701.499,4554.665,4595.825,301117
2026.04.29,00:00,4595.889,4610.467,4510.131,4561.610,314503
2026.04.30,00:00,4561.670,4647.087,4540.815,4626.390,307901
2026.05.01,00:00,4626.611,4660.339,4559.808,4613.384,228106
2026.05.03,00:00,4626.204,4629.462,4611.155,4613.754,11885
2026.05.04,00:00,4613.993,4618.666,4500.490,4519.094,361540
2026.05.05,00:00,4518.857,4595.859,4513.463,4593.850,202800
2026.05.06,00:00,4593.722,4723.061,4588.052,4699.033,271479
2026.05.07,00:00,4699.013,4764.848,4681.779,4704.113,307679
2026.05.08,00:00,4704.045,4749.686,4693.885,4715.114,245234
2026.05.10,00:00,4692.053,4698.671,4679.174,4691.738,13206
2026.05.11,00:00,4691.681,4770.077,4648.203,4767.647,266470
2026.05.12,00:00,4767.565,4773.650,4638.054,4716.750,281025
2026.05.13,00:00,4717.140,4727.117,4669.435,4696.745,217940
2026.05.14,00:00,4696.379,4718.953,4644.363,4652.090,254632
2026.05.15,00:00,4652.406,4658.230,4511.262,4539.507,376208
2026.05.17,00:00,4538.432,4554.862,4532.082,4536.953,19325
2026.05.18,00:00,4537.021,4588.976,4480.321,4581.624,405522
2026.05.19,00:00,4581.982,4589.441,4464.429,4489.508,330668
2026.05.20,00:00,4489.452,4553.056,4453.455,4546.377,355867
2026.05.21,00:00,4546.428,4571.074,4488.449,4535.355,341979
2026.05.22,00:00,4535.414,4541.142,4491.601,4508.008,241149
2026.05.24,00:00,4545.472,4580.056,4543.419,4567.239,15839
2026.05.25,00:00,4567.182,4580.272,4550.313,4559.750,157126
2026.05.26,00:00,4559.520,4560.004,4482.268,4519.790,243210
2026.05.27,00:00,4519.730,4525.788,4401.242,4447.197,283353
2026.05.28,00:00,4447.255,4516.644,4366.288,4495.244,311378
2026.05.29,00:00,4495.176,4595.245,4491.954,4540.419,253344
2026.05.31,00:00,4521.301,4545.796,4518.426,4539.698,13277
2026.06.01,00:00,4539.759,4546.215,4447.614,4484.331,248539
2026.06.02,00:00,4484.561,4541.652,4462.097,4474.241,220143
2026.06.03,00:00,4474.169,4496.820,4423.645,4457.138,252660
2026.06.04,00:00,4457.491,4515.559,4443.068,4461.558,254055
2026.06.05,00:00,4461.505,4475.953,4311.633,4328.522,346724
2026.06.07,00:00,4325.168,4347.032,4310.187,4343.870,24480
2026.06.08,00:00,4343.923,4353.416,4268.301,4317.661,372022
2026.06.09,00:00,4317.609,4363.527,4210.298,4222.157,382228
2026.06.10,00:00,4222.208,4228.522,4023.801,4047.171,536399
2026.06.11,00:00,4047.358,4246.463,4036.087,4219.824,619333
2026.06.12,00:00,4220.036,4235.654,4170.097,4218.707,386902
2026.06.14,00:00,4270.421,4309.049,4269.297,4293.982,20021
2026.06.15,00:00,4293.998,4369.345,4285.464,4315.757,245238
2026.06.16,00:00,4315.700,4355.033,4306.726,4331.153,213722
2026.06.17,00:00,4331.294,4382.399,4218.874,4277.885,416503
2026.06.18,00:00,4277.944,4329.997,4186.759,4188.598,327771
2026.06.19,00:00,4188.534,4197.995,4121.652,4155.463,207047
2026.06.21,00:00,4153.472,4164.758,4136.486,4140.129,17319
2026.06.22,00:00,4140.184,4221.228,4139.941,4187.721,295274
2026.06.23,00:00,4187.664,4198.617,4080.701,4099.087,353133
2026.06.24,00:00,4099.025,4111.932,3958.850,4012.364,762088
2026.06.25,00:00,4012.309,4044.253,3962.407,4014.687,477471
2026.06.26,00:00,4014.626,4096.089,3982.915,4088.284,326013
2026.06.28,00:00,4075.932,4085.346,4051.744,4062.867,18243
2026.06.29,00:00,4062.923,4075.749,4000.187,4015.064,306616
2026.06.30,00:00,4015.006,4063.396,3942.138,4005.629,340695
2026.07.01,00:00,4005.689,4115.737,3960.020,4035.205,331702
2026.07.02,00:00,4035.008,4144.034,4030.725,4126.256,355789
2026.07.03,00:00,4126.286,4195.542,4123.006,4174.949,176997
2026.07.05,00:00,4177.956,4202.312,4173.230,4183.140,18331
2026.07.06,00:00,4183.290,4203.224,4128.497,4157.408,259553
2026.07.07,00:00,4157.354,4180.548,4092.059,4098.864,284982
2026.07.08,00:00,4098.759,4134.116,4021.682,4076.312,444660
2026.07.09,00:00,4076.120,4138.172,4054.169,4123.966,252053
